{
  "type": "FeatureCollection",
  "metadata": {
    "source": "Garmin Canada.gpx",
    "waypoints_count": 138,
    "routes_count": 1,
    "tracks_count": 31
  },
  "features": [
    {
      "type": "Feature",
      "geometry": {
        "type": "Point",
        "coordinates": [
          -84.86957042478025,
          48.23334622196853,
          465.881103515625
        ]
      },
      "properties": {
        "feature_type": "waypoint",
        "name": "0013",
        "desc": "31-AUG-09 1:37:57PM",
        "cmt": "31-AUG-09 1:37:57PM",
        "sym": "Flag, Blue",
        "time": "2019-09-21T01:32:03Z",
        "ele": 465.881103515625
      }
    },
    {
      "type": "Feature",
      "geometry": {
        "type": "Point",
        "coordinates": [
          -85.01011163927615,
          48.32169122993946,
          446.6549072265625
        ]
      },
      "properties": {
        "feature_type": "waypoint",
        "name": "0023",
        "desc": "31-AUG-09 1:48:16PM",
        "cmt": "31-AUG-09 1:48:16PM",
        "sym": "Flag, Blue",
        "time": "2019-09-21T01:32:03Z",
        "ele": 446.6549072265625
      }
    },
    {
      "type": "Feature",
      "geometry": {
        "type": "Point",
        "coordinates": [
          -84.82687049545348,
          48.17014457657933,
          368.0677490234375
        ]
      },
      "properties": {
        "feature_type": "waypoint",
        "name": "0033",
        "desc": "31-AUG-09 4:34:11PM",
        "cmt": "31-AUG-09 4:34:11PM",
        "sym": "Flag, Blue",
        "time": "2019-09-21T01:32:03Z",
        "ele": 368.0677490234375
      }
    },
    {
      "type": "Feature",
      "geometry": {
        "type": "Point",
        "coordinates": [
          -84.90565896034241,
          48.25460197404027,
          432.9561767578125
        ]
      },
      "properties": {
        "feature_type": "waypoint",
        "name": "004",
        "desc": "26-SEP-19 11:56:32AM",
        "cmt": "26-SEP-19 11:56:32AM",
        "sym": "Flag, Blue",
        "time": "2019-09-29T06:23:17Z",
        "ele": 432.9561767578125
      }
    },
    {
      "type": "Feature",
      "geometry": {
        "type": "Point",
        "coordinates": [
          -84.90017166361213,
          48.24974751099944,
          429.351318359375
        ]
      },
      "properties": {
        "feature_type": "waypoint",
        "name": "005",
        "desc": "26-SEP-19 1:40:05PM",
        "cmt": "26-SEP-19 1:40:05PM",
        "sym": "Flag, Blue",
        "time": "2019-09-29T06:23:17Z",
        "ele": 429.351318359375
      }
    },
    {
      "type": "Feature",
      "geometry": {
        "type": "Point",
        "coordinates": [
          -84.89252284169197,
          48.26161678880453,
          461.0745849609375
        ]
      },
      "properties": {
        "feature_type": "waypoint",
        "name": "025",
        "desc": "21-SEP-19 11:48:50AM",
        "cmt": "21-SEP-19 11:48:50AM",
        "sym": "Flag, Blue",
        "time": "2019-09-22T01:39:58Z",
        "ele": 461.0745849609375
      }
    },
    {
      "type": "Feature",
      "geometry": {
        "type": "Point",
        "coordinates": [
          -84.90087389945984,
          48.25771224685013,
          449.05810546875
        ]
      },
      "properties": {
        "feature_type": "waypoint",
        "name": "026",
        "desc": "21-SEP-19 11:53:19AM",
        "cmt": "21-SEP-19 11:53:19AM",
        "sym": "Flag, Blue",
        "time": "2019-09-22T22:51:21Z",
        "ele": 449.05810546875
      }
    },
    {
      "type": "Feature",
      "geometry": {
        "type": "Point",
        "coordinates": [
          -84.90240518935025,
          48.25881262309849,
          444.0113525390625
        ]
      },
      "properties": {
        "feature_type": "waypoint",
        "name": "027",
        "desc": "21-SEP-19 12:33:21PM",
        "cmt": "21-SEP-19 12:33:21PM",
        "sym": "Flag, Blue",
        "time": "2019-09-24T15:08:22Z",
        "ele": 444.0113525390625
      }
    },
    {
      "type": "Feature",
      "geometry": {
        "type": "Point",
        "coordinates": [
          -84.89755910821259,
          48.259054189547896,
          445.9339599609375
        ]
      },
      "properties": {
        "feature_type": "waypoint",
        "name": "028",
        "desc": "21-SEP-19 4:28:07PM",
        "cmt": "21-SEP-19 4:28:07PM",
        "sym": "Flag, Blue",
        "time": "2019-09-22T01:39:58Z",
        "ele": 445.9339599609375
      }
    },
    {
      "type": "Feature",
      "geometry": {
        "type": "Point",
        "coordinates": [
          -84.89731712266803,
          48.25917547568679,
          445.212890625
        ]
      },
      "properties": {
        "feature_type": "waypoint",
        "name": "029",
        "desc": "21-SEP-19 4:28:29PM",
        "cmt": "21-SEP-19 4:28:29PM",
        "sym": "Flag, Blue",
        "time": "2019-09-22T01:39:58Z",
        "ele": 445.212890625
      }
    },
    {
      "type": "Feature",
      "geometry": {
        "type": "Point",
        "coordinates": [
          -84.66081719845533,
          48.001611325889826,
          313.993896484375
        ]
      },
      "properties": {
        "feature_type": "waypoint",
        "name": "032",
        "desc": "22-SEP-19 5:47:20AM",
        "cmt": "22-SEP-19 5:47:20AM",
        "sym": "Flag, Blue",
        "time": "2019-09-22T22:51:21Z",
        "ele": 313.993896484375
      }
    },
    {
      "type": "Feature",
      "geometry": {
        "type": "Point",
        "coordinates": [
          -84.66834372840822,
          47.98781756311655
        ]
      },
      "properties": {
        "feature_type": "waypoint",
        "name": "033",
        "desc": "22-SEP-19 6:00:46AM",
        "cmt": "22-SEP-19 6:00:46AM",
        "sym": "Flag, Blue",
        "time": "2019-09-24T15:08:22Z",
        "ele": null
      }
    },
    {
      "type": "Feature",
      "geometry": {
        "type": "Point",
        "coordinates": [
          -84.64809631928802,
          48.00411927513778,
          326.2506103515625
        ]
      },
      "properties": {
        "feature_type": "waypoint",
        "name": "034",
        "desc": "22-SEP-19 9:25:08AM",
        "cmt": "22-SEP-19 9:25:08AM",
        "sym": "Flag, Blue",
        "time": "2019-09-22T22:51:21Z",
        "ele": 326.2506103515625
      }
    },
    {
      "type": "Feature",
      "geometry": {
        "type": "Point",
        "coordinates": [
          -84.64970212429762,
          48.00440761260688,
          325.049072265625
        ]
      },
      "properties": {
        "feature_type": "waypoint",
        "name": "035",
        "desc": "22-SEP-19 9:33:18AM",
        "cmt": "22-SEP-19 9:33:18AM",
        "sym": "Flag, Blue",
        "time": "2019-09-22T22:51:21Z",
        "ele": 325.049072265625
      }
    },
    {
      "type": "Feature",
      "geometry": {
        "type": "Point",
        "coordinates": [
          -84.65642424300313,
          48.00314672291279,
          326.9716796875
        ]
      },
      "properties": {
        "feature_type": "waypoint",
        "name": "036",
        "desc": "22-SEP-19 9:35:00AM",
        "cmt": "22-SEP-19 9:35:00AM",
        "sym": "Flag, Blue",
        "time": "2019-09-22T22:51:21Z",
        "ele": 326.9716796875
      }
    },
    {
      "type": "Feature",
      "geometry": {
        "type": "Point",
        "coordinates": [
          -84.66740797273815,
          47.98526041209698,
          320.002197265625
        ]
      },
      "properties": {
        "feature_type": "waypoint",
        "name": "037",
        "desc": "22-SEP-19 9:41:54AM",
        "cmt": "22-SEP-19 9:41:54AM",
        "sym": "Flag, Blue",
        "time": "2019-09-24T15:08:22Z",
        "ele": 320.002197265625
      }
    },
    {
      "type": "Feature",
      "geometry": {
        "type": "Point",
        "coordinates": [
          -84.64162565767765,
          48.09988553635776,
          377.4404296875
        ]
      },
      "properties": {
        "feature_type": "waypoint",
        "name": "038",
        "desc": "23-SEP-19 10:03:06AM",
        "cmt": "23-SEP-19 10:03:06AM",
        "sym": "Flag, Blue",
        "time": "2019-09-24T15:08:22Z",
        "ele": 377.4404296875
      }
    },
    {
      "type": "Feature",
      "geometry": {
        "type": "Point",
        "coordinates": [
          -84.89608515053988,
          48.25952935963869,
          441.3675537109375
        ]
      },
      "properties": {
        "feature_type": "waypoint",
        "name": "A06",
        "desc": "26-SEP-19 4:34:27PM",
        "cmt": "26-SEP-19 4:34:27PM",
        "sym": "Flag, Blue",
        "time": "2019-09-29T06:23:17Z",
        "ele": 441.3675537109375
      }
    },
    {
      "type": "Feature",
      "geometry": {
        "type": "Point",
        "coordinates": [
          -84.92161190137267,
          48.24504937045276,
          450.01953125
        ]
      },
      "properties": {
        "feature_type": "waypoint",
        "name": "Alabama Lake",
        "desc": "",
        "cmt": "",
        "sym": "Water Source",
        "time": "2019-09-26T13:42:01Z",
        "ele": 450.01953125
      }
    },
    {
      "type": "Feature",
      "geometry": {
        "type": "Point",
        "coordinates": [
          -84.91038895212114,
          48.25537352822721,
          450.01953125
        ]
      },
      "properties": {
        "feature_type": "waypoint",
        "name": "Alabama Truck Trail",
        "desc": "25-SEP-19 9:12:00AM",
        "cmt": "25-SEP-19 9:12:00AM",
        "sym": "Flag, Blue",
        "time": "2019-09-25T17:02:18Z",
        "ele": 450.01953125
      }
    },
    {
      "type": "Feature",
      "geometry": {
        "type": "Point",
        "coordinates": [
          -84.99618778936565,
          48.404727056622505,
          454.10498046875
        ]
      },
      "properties": {
        "feature_type": "waypoint",
        "name": "Beaverdam Lake",
        "desc": "",
        "cmt": "",
        "sym": "Flag, Blue",
        "time": "2019-09-26T13:42:01Z",
        "ele": 454.10498046875
      }
    },
    {
      "type": "Feature",
      "geometry": {
        "type": "Point",
        "coordinates": [
          -84.8289274983108,
          48.23883720673621,
          406.0394287109375
        ]
      },
      "properties": {
        "feature_type": "waypoint",
        "name": "Big Marsh Lake",
        "desc": "",
        "cmt": "",
        "sym": "Flag, Blue",
        "time": "2019-09-26T13:42:01Z",
        "ele": 406.0394287109375
      }
    },
    {
      "type": "Feature",
      "geometry": {
        "type": "Point",
        "coordinates": [
          -84.79578335769475,
          48.081383323296905,
          320.002197265625
        ]
      },
      "properties": {
        "feature_type": "waypoint",
        "name": "Brauer Cabin",
        "desc": "29-AUG-09 7:20:22AM",
        "cmt": "29-AUG-09 7:20:22AM",
        "sym": "Flag, Blue",
        "time": "2019-09-27T01:44:43Z",
        "ele": 320.002197265625
      }
    },
    {
      "type": "Feature",
      "geometry": {
        "type": "Point",
        "coordinates": [
          -84.66101593337953,
          48.00410779193044,
          321.203857421875
        ]
      },
      "properties": {
        "feature_type": "waypoint",
        "name": "Bridge Out",
        "desc": "22-SEP-19 2:12:51PM",
        "cmt": "22-SEP-19 2:12:51PM",
        "sym": "Flag, Blue",
        "time": "2019-09-26T13:42:01Z",
        "ele": 321.203857421875
      }
    },
    {
      "type": "Feature",
      "geometry": {
        "type": "Point",
        "coordinates": [
          -84.67376740649343,
          47.975843930616975
        ]
      },
      "properties": {
        "feature_type": "waypoint",
        "name": "Brook Trout 9/22/19",
        "desc": "22-SEP-19 11:34:28AM",
        "cmt": "22-SEP-19 11:34:28AM",
        "sym": "Fishing Area",
        "time": "2019-09-22T22:51:21Z",
        "ele": null
      }
    },
    {
      "type": "Feature",
      "geometry": {
        "type": "Point",
        "coordinates": [
          -84.79987883940339,
          48.07386886328459,
          327.4522705078125
        ]
      },
      "properties": {
        "feature_type": "waypoint",
        "name": "Catfish Cr",
        "desc": "23-SEP-19 5:45:45PM",
        "cmt": "23-SEP-19 5:45:45PM",
        "sym": "Flag, Blue",
        "time": "2019-09-24T15:08:22Z",
        "ele": 327.4522705078125
      }
    },
    {
      "type": "Feature",
      "geometry": {
        "type": "Point",
        "coordinates": [
          -84.79622910730541,
          48.083153581246734
        ]
      },
      "properties": {
        "feature_type": "waypoint",
        "name": "Catfish Lake Landing",
        "desc": "",
        "cmt": "",
        "sym": "Boat Ramp",
        "time": "2019-09-22T01:55:03Z",
        "ele": null
      }
    },
    {
      "type": "Feature",
      "geometry": {
        "type": "Point",
        "coordinates": [
          -84.77495885454118,
          48.20991234853864,
          406.0394287109375
        ]
      },
      "properties": {
        "feature_type": "waypoint",
        "name": "Clearview Lake",
        "desc": "",
        "cmt": "",
        "sym": "Flag, Blue",
        "time": "2019-09-26T13:42:01Z",
        "ele": 406.0394287109375
      }
    },
    {
      "type": "Feature",
      "geometry": {
        "type": "Point",
        "coordinates": [
          -84.79566517286003,
          48.08160988613963,
          330.81689453125
        ]
      },
      "properties": {
        "feature_type": "waypoint",
        "name": "Corner 10-2 (actual)",
        "desc": "24-SEP-19 8:00:02AM\n\nBased on the existing pipe in the ground.  Neighbors put that pipe in the ground.",
        "cmt": "24-SEP-19 8:00:02AM\n\nBased on the existing pipe in the ground.  Neighbors put that pipe in the ground.",
        "sym": "Flag, Blue",
        "time": "2019-09-24T15:08:22Z",
        "ele": 330.81689453125
      }
    },
    {
      "type": "Feature",
      "geometry": {
        "type": "Point",
        "coordinates": [
          -84.79546668939292,
          48.081233371049166
        ]
      },
      "properties": {
        "feature_type": "waypoint",
        "name": "Corner 10-3 (estimate)",
        "desc": "",
        "cmt": "",
        "sym": "Flag, Blue",
        "time": "2019-09-26T12:51:19Z",
        "ele": null
      }
    },
    {
      "type": "Feature",
      "geometry": {
        "type": "Point",
        "coordinates": [
          -84.79634997434914,
          48.08083330281079
        ]
      },
      "properties": {
        "feature_type": "waypoint",
        "name": "Corner 10-4 (estimate)",
        "desc": "",
        "cmt": "",
        "sym": "Flag, Blue",
        "time": "2019-09-26T12:50:37Z",
        "ele": null
      }
    },
    {
      "type": "Feature",
      "geometry": {
        "type": "Point",
        "coordinates": [
          -84.79593632742763,
          48.0805270280689,
          339.2283935546875
        ]
      },
      "properties": {
        "feature_type": "waypoint",
        "name": "Corner 11-12 (actual)",
        "desc": "24-SEP-19 8:56:52AM",
        "cmt": "24-SEP-19 8:56:52AM",
        "sym": "Flag, Blue",
        "time": "2019-09-25T17:02:18Z",
        "ele": 339.2283935546875
      }
    },
    {
      "type": "Feature",
      "geometry": {
        "type": "Point",
        "coordinates": [
          -84.79663336649537,
          48.08116665109992
        ]
      },
      "properties": {
        "feature_type": "waypoint",
        "name": "Corner10-1 (estimate)",
        "desc": "Estimate derived using actual (we think) location of 10-2 marker and angle/distance from plot map.",
        "cmt": "Estimate derived using actual (we think) location of 10-2 marker and angle/distance from plot map.",
        "sym": "Flag, Blue",
        "time": "2019-09-24T15:10:26Z",
        "ele": null
      }
    },
    {
      "type": "Feature",
      "geometry": {
        "type": "Point",
        "coordinates": [
          -84.89621196873486,
          48.25940857641399,
          444.97265625
        ]
      },
      "properties": {
        "feature_type": "waypoint",
        "name": "Creek",
        "desc": "21-SEP-19 11:51:24AM",
        "cmt": "21-SEP-19 11:51:24AM",
        "sym": "Flag, Blue",
        "time": "2019-09-22T01:39:58Z",
        "ele": 444.97265625
      }
    },
    {
      "type": "Feature",
      "geometry": {
        "type": "Point",
        "coordinates": [
          -84.90761219523847,
          48.22500078007579,
          444.97265625
        ]
      },
      "properties": {
        "feature_type": "waypoint",
        "name": "Cruise Lake",
        "desc": "",
        "cmt": "",
        "sym": "Flag, Blue",
        "time": "2019-09-26T13:42:01Z",
        "ele": 444.97265625
      }
    },
    {
      "type": "Feature",
      "geometry": {
        "type": "Point",
        "coordinates": [
          -84.90594511851668,
          48.252992229536176,
          425.986572265625
        ]
      },
      "properties": {
        "feature_type": "waypoint",
        "name": "Dam",
        "desc": "26-SEP-19 3:00:51PM",
        "cmt": "26-SEP-19 3:00:51PM",
        "sym": "Flag, Blue",
        "time": "2019-09-29T06:23:17Z",
        "ele": 425.986572265625
      }
    },
    {
      "type": "Feature",
      "geometry": {
        "type": "Point",
        "coordinates": [
          -84.89368960261345,
          48.29020285047591,
          460.11328125
        ]
      },
      "properties": {
        "feature_type": "waypoint",
        "name": "Desolation Lake",
        "desc": "31-AUG-09 4:24:27PM",
        "cmt": "31-AUG-09 4:24:27PM",
        "sym": "Water Source",
        "time": "2019-09-21T01:32:03Z",
        "ele": 460.11328125
      }
    },
    {
      "type": "Feature",
      "geometry": {
        "type": "Point",
        "coordinates": [
          -84.95809975080192,
          48.24210438877344,
          444.97265625
        ]
      },
      "properties": {
        "feature_type": "waypoint",
        "name": "Dickenson Lake",
        "desc": "",
        "cmt": "",
        "sym": "Flag, Blue",
        "time": "2019-09-26T13:42:01Z",
        "ele": 444.97265625
      }
    },
    {
      "type": "Feature",
      "geometry": {
        "type": "Point",
        "coordinates": [
          -84.96612198650837,
          48.41319655068219,
          432.9561767578125
        ]
      },
      "properties": {
        "feature_type": "waypoint",
        "name": "Elsie Lake",
        "desc": "",
        "cmt": "",
        "sym": "Flag, Blue",
        "time": "2019-09-26T13:42:01Z",
        "ele": 432.9561767578125
      }
    },
    {
      "type": "Feature",
      "geometry": {
        "type": "Point",
        "coordinates": [
          -84.68810699880123,
          48.374653458595276,
          395.9456787109375
        ]
      },
      "properties": {
        "feature_type": "waypoint",
        "name": "Falls Lake",
        "desc": "",
        "cmt": "",
        "sym": "Flag, Blue",
        "time": "2019-09-26T13:42:01Z",
        "ele": 395.9456787109375
      }
    },
    {
      "type": "Feature",
      "geometry": {
        "type": "Point",
        "coordinates": [
          -84.77332153357565,
          48.09237023815513,
          375.0372314453125
        ]
      },
      "properties": {
        "feature_type": "waypoint",
        "name": "Fire Tower",
        "desc": "",
        "cmt": "",
        "sym": "Tall Tower",
        "time": "2019-09-21T01:32:03Z",
        "ele": 375.0372314453125
      }
    },
    {
      "type": "Feature",
      "geometry": {
        "type": "Point",
        "coordinates": [
          -84.64921362698078,
          48.03064489737153,
          313.0325927734375
        ]
      },
      "properties": {
        "feature_type": "waypoint",
        "name": "Firesand Turn",
        "desc": "22-SEP-19 5:42:07AM",
        "cmt": "22-SEP-19 5:42:07AM",
        "sym": "Flag, Blue",
        "time": "2019-09-22T22:51:21Z",
        "ele": 313.0325927734375
      }
    },
    {
      "type": "Feature",
      "geometry": {
        "type": "Point",
        "coordinates": [
          -84.91069681942463,
          48.24845049530268,
          444.97265625
        ]
      },
      "properties": {
        "feature_type": "waypoint",
        "name": "Fish Hook Lake",
        "desc": "",
        "cmt": "",
        "sym": "Water Source",
        "time": "2019-09-26T13:42:01Z",
        "ele": 444.97265625
      }
    },
    {
      "type": "Feature",
      "geometry": {
        "type": "Point",
        "coordinates": [
          -84.90825802087784,
          48.255064403638244,
          446.895263671875
        ]
      },
      "properties": {
        "feature_type": "waypoint",
        "name": "Fish Hook Trail",
        "desc": "25-SEP-19 9:10:53AM",
        "cmt": "25-SEP-19 9:10:53AM",
        "sym": "Flag, Blue",
        "time": "2019-09-25T17:02:18Z",
        "ele": 446.895263671875
      }
    },
    {
      "type": "Feature",
      "geometry": {
        "type": "Point",
        "coordinates": [
          -85.02329126000404,
          48.34915596060455,
          432.9561767578125
        ]
      },
      "properties": {
        "feature_type": "waypoint",
        "name": "ForestFire Tr",
        "desc": "",
        "cmt": "",
        "sym": "Trail Head",
        "time": "2019-09-21T01:32:03Z",
        "ele": 432.9561767578125
      }
    },
    {
      "type": "Feature",
      "geometry": {
        "type": "Point",
        "coordinates": [
          -84.97023574076593,
          48.30980007536709,
          435.119140625
        ]
      },
      "properties": {
        "feature_type": "waypoint",
        "name": "Fungus Lake",
        "desc": "",
        "cmt": "",
        "sym": "Flag, Blue",
        "time": "2019-09-26T13:42:01Z",
        "ele": 435.119140625
      }
    },
    {
      "type": "Feature",
      "geometry": {
        "type": "Point",
        "coordinates": [
          -84.92670415900648,
          48.21904853917658,
          440.886962890625
        ]
      },
      "properties": {
        "feature_type": "waypoint",
        "name": "Furnival Lake",
        "desc": "",
        "cmt": "",
        "sym": "Flag, Blue",
        "time": "2019-09-26T13:42:01Z",
        "ele": 440.886962890625
      }
    },
    {
      "type": "Feature",
      "geometry": {
        "type": "Point",
        "coordinates": [
          -84.74833901971579,
          48.233687449246645,
          388.014892578125
        ]
      },
      "properties": {
        "feature_type": "waypoint",
        "name": "Godon Lake",
        "desc": "",
        "cmt": "",
        "sym": "Flag, Blue",
        "time": "2019-09-26T13:42:01Z",
        "ele": 388.014892578125
      }
    },
    {
      "type": "Feature",
      "geometry": {
        "type": "Point",
        "coordinates": [
          -84.78255906142294,
          47.97435622662306,
          291.162841796875
        ]
      },
      "properties": {
        "feature_type": "waypoint",
        "name": "Goose",
        "desc": "22-SEP-19 8:43:34AM",
        "cmt": "22-SEP-19 8:43:34AM",
        "sym": "Flag, Blue",
        "time": "2019-09-22T22:51:21Z",
        "ele": 291.162841796875
      }
    },
    {
      "type": "Feature",
      "geometry": {
        "type": "Point",
        "coordinates": [
          -84.94239156134427,
          48.26431794092059,
          444.0113525390625
        ]
      },
      "properties": {
        "feature_type": "waypoint",
        "name": "Grayling Lake",
        "desc": "",
        "cmt": "",
        "sym": "Flag, Blue",
        "time": "2019-09-26T13:42:01Z",
        "ele": 444.0113525390625
      }
    },
    {
      "type": "Feature",
      "geometry": {
        "type": "Point",
        "coordinates": [
          -84.9939750507474,
          48.304152097553015,
          437.041748046875
        ]
      },
      "properties": {
        "feature_type": "waypoint",
        "name": "Halfway Motel",
        "desc": "31-AUG-09 1:46:48PM",
        "cmt": "31-AUG-09 1:46:48PM",
        "sym": "Lodging",
        "time": "2019-09-21T01:32:03Z",
        "ele": 437.041748046875
      }
    },
    {
      "type": "Feature",
      "geometry": {
        "type": "Point",
        "coordinates": [
          -84.88689908757806,
          48.28069685027003,
          481.021728515625
        ]
      },
      "properties": {
        "feature_type": "waypoint",
        "name": "Highway 519",
        "desc": "31-AUG-09 1:41:18PM",
        "cmt": "31-AUG-09 1:41:18PM",
        "sym": "Flag, Blue",
        "time": "2019-09-21T01:32:03Z",
        "ele": 481.021728515625
      }
    },
    {
      "type": "Feature",
      "geometry": {
        "type": "Point",
        "coordinates": [
          -84.88689908757806,
          48.28069685027003,
          481.021728515625
        ]
      },
      "properties": {
        "feature_type": "waypoint",
        "name": "Highway 5192",
        "desc": "31-AUG-09 1:41:18PM",
        "cmt": "31-AUG-09 1:41:18PM",
        "sym": "Flag, Blue",
        "time": "2019-09-21T01:32:03Z",
        "ele": 481.021728515625
      }
    },
    {
      "type": "Feature",
      "geometry": {
        "type": "Point",
        "coordinates": [
          -84.66792806982994,
          47.98484852537513,
          306.0631103515625
        ]
      },
      "properties": {
        "feature_type": "waypoint",
        "name": "In8",
        "desc": "22-SEP-19 10:20:46AM",
        "cmt": "22-SEP-19 10:20:46AM",
        "sym": "Flag, Blue",
        "time": "2019-09-24T15:08:22Z",
        "ele": 306.0631103515625
      }
    },
    {
      "type": "Feature",
      "geometry": {
        "type": "Point",
        "coordinates": [
          -84.67119667679071,
          47.97693961299956,
          298.853271484375
        ]
      },
      "properties": {
        "feature_type": "waypoint",
        "name": "In8b",
        "desc": "22-SEP-19 11:10:01AM",
        "cmt": "22-SEP-19 11:10:01AM",
        "sym": "Flag, Blue",
        "time": "2019-09-24T15:08:22Z",
        "ele": 298.853271484375
      }
    },
    {
      "type": "Feature",
      "geometry": {
        "type": "Point",
        "coordinates": [
          -84.67119667679071,
          47.97693961299956,
          298.853271484375
        ]
      },
      "properties": {
        "feature_type": "waypoint",
        "name": "Inlet 8",
        "desc": "22-SEP-19 11:10:01AM",
        "cmt": "22-SEP-19 11:10:01AM",
        "sym": "Flag, Blue",
        "time": "2019-09-22T22:51:21Z",
        "ele": 298.853271484375
      }
    },
    {
      "type": "Feature",
      "geometry": {
        "type": "Point",
        "coordinates": [
          -84.79209632612765,
          48.21834077127278,
          402.9151611328125
        ]
      },
      "properties": {
        "feature_type": "waypoint",
        "name": "Ireland Lake",
        "desc": "",
        "cmt": "",
        "sym": "Flag, Blue",
        "time": "2019-09-26T13:42:01Z",
        "ele": 402.9151611328125
      }
    },
    {
      "type": "Feature",
      "geometry": {
        "type": "Point",
        "coordinates": [
          -84.62042329832911,
          48.116837767884135,
          343.0736083984375
        ]
      },
      "properties": {
        "feature_type": "waypoint",
        "name": "Josephine",
        "desc": "",
        "cmt": "",
        "sym": "Mine",
        "time": "2019-09-21T01:32:03Z",
        "ele": 343.0736083984375
      }
    },
    {
      "type": "Feature",
      "geometry": {
        "type": "Point",
        "coordinates": [
          -84.81048177927732,
          48.12342175282538,
          330.0958251953125
        ]
      },
      "properties": {
        "feature_type": "waypoint",
        "name": "Knick Knack Tr",
        "desc": "31-AUG-09 1:29:38PM",
        "cmt": "31-AUG-09 1:29:38PM",
        "sym": "Flag, Blue",
        "time": "2019-09-21T01:32:03Z",
        "ele": 330.0958251953125
      }
    },
    {
      "type": "Feature",
      "geometry": {
        "type": "Point",
        "coordinates": [
          -84.65932765044272,
          47.99464822746813,
          324.8087158203125
        ]
      },
      "properties": {
        "feature_type": "waypoint",
        "name": "Landing",
        "desc": "22-SEP-19 1:48:46PM",
        "cmt": "22-SEP-19 1:48:46PM",
        "sym": "Boat Ramp",
        "time": "2019-09-22T22:51:21Z",
        "ele": 324.8087158203125
      }
    },
    {
      "type": "Feature",
      "geometry": {
        "type": "Point",
        "coordinates": [
          -84.65534155257046,
          48.027969393879175,
          325.049072265625
        ]
      },
      "properties": {
        "feature_type": "waypoint",
        "name": "Load Check",
        "desc": "22-SEP-19 9:13:34AM",
        "cmt": "22-SEP-19 9:13:34AM",
        "sym": "Flag, Blue",
        "time": "2019-09-22T22:51:21Z",
        "ele": 325.049072265625
      }
    },
    {
      "type": "Feature",
      "geometry": {
        "type": "Point",
        "coordinates": [
          -84.62439548224211,
          48.09798510745168,
          352.4464111328125
        ]
      },
      "properties": {
        "feature_type": "waypoint",
        "name": "Loonskin Lake Inlet 1",
        "desc": "23-SEP-19 1:53:29PM",
        "cmt": "23-SEP-19 1:53:29PM",
        "sym": "Flag, Blue",
        "time": "2019-09-24T15:08:22Z",
        "ele": 352.4464111328125
      }
    },
    {
      "type": "Feature",
      "geometry": {
        "type": "Point",
        "coordinates": [
          -84.62232129648328,
          48.10014696791768,
          351.7254638671875
        ]
      },
      "properties": {
        "feature_type": "waypoint",
        "name": "Loonskin Lake Inlet 2",
        "desc": "23-SEP-19 3:03:49PM",
        "cmt": "23-SEP-19 3:03:49PM",
        "sym": "Flag, Blue",
        "time": "2019-09-24T15:08:22Z",
        "ele": 351.7254638671875
      }
    },
    {
      "type": "Feature",
      "geometry": {
        "type": "Point",
        "coordinates": [
          -84.60568313486874,
          48.10679515823722
        ]
      },
      "properties": {
        "feature_type": "waypoint",
        "name": "Loonskin Lake Landing",
        "desc": "",
        "cmt": "",
        "sym": "Boat Ramp",
        "time": "2019-09-25T22:40:16Z",
        "ele": null
      }
    },
    {
      "type": "Feature",
      "geometry": {
        "type": "Point",
        "coordinates": [
          -84.62507064454257,
          48.09840545989573,
          350.5238037109375
        ]
      },
      "properties": {
        "feature_type": "waypoint",
        "name": "Loonskin Lake Rock 1",
        "desc": "23-SEP-19 2:03:56PM",
        "cmt": "23-SEP-19 2:03:56PM",
        "sym": "Reef",
        "time": "2019-09-24T15:08:22Z",
        "ele": 350.5238037109375
      }
    },
    {
      "type": "Feature",
      "geometry": {
        "type": "Point",
        "coordinates": [
          -84.61433275602758,
          48.10521206818521,
          350.76416015625
        ]
      },
      "properties": {
        "feature_type": "waypoint",
        "name": "Loonskin Lake Rock 2",
        "desc": "23-SEP-19 3:39:29PM",
        "cmt": "23-SEP-19 3:39:29PM",
        "sym": "Reef",
        "time": "2019-09-24T15:08:22Z",
        "ele": 350.76416015625
      }
    },
    {
      "type": "Feature",
      "geometry": {
        "type": "Point",
        "coordinates": [
          -84.68095547519624,
          47.966009862720966
        ]
      },
      "properties": {
        "feature_type": "waypoint",
        "name": "Lyre Lake",
        "desc": "22-SEP-19 6:05:37AM",
        "cmt": "22-SEP-19 6:05:37AM",
        "sym": "Flag, Blue",
        "time": "2019-09-26T13:42:01Z",
        "ele": null
      }
    },
    {
      "type": "Feature",
      "geometry": {
        "type": "Point",
        "coordinates": [
          -84.82804127968848,
          47.95910384505987,
          246.2215576171875
        ]
      },
      "properties": {
        "feature_type": "waypoint",
        "name": "Magpie High Falls",
        "desc": "02-SEP-09 11:33:45AM",
        "cmt": "02-SEP-09 11:33:45AM",
        "sym": "Flag, Blue",
        "time": "2019-09-21T01:32:03Z",
        "ele": 246.2215576171875
      }
    },
    {
      "type": "Feature",
      "geometry": {
        "type": "Point",
        "coordinates": [
          -84.71557969227433,
          48.21324608288705,
          324.087646484375
        ]
      },
      "properties": {
        "feature_type": "waypoint",
        "name": "Magpie Mine",
        "desc": "",
        "cmt": "",
        "sym": "Mine",
        "time": "2019-09-21T01:32:03Z",
        "ele": 324.087646484375
      }
    },
    {
      "type": "Feature",
      "geometry": {
        "type": "Point",
        "coordinates": [
          -84.81316097080708,
          48.22954067029059,
          406.0394287109375
        ]
      },
      "properties": {
        "feature_type": "waypoint",
        "name": "Maguire Lake",
        "desc": "",
        "cmt": "",
        "sym": "Flag, Blue",
        "time": "2019-09-26T13:42:01Z",
        "ele": 406.0394287109375
      }
    },
    {
      "type": "Feature",
      "geometry": {
        "type": "Point",
        "coordinates": [
          -84.9339802376926,
          48.238974083215,
          436.0804443359375
        ]
      },
      "properties": {
        "feature_type": "waypoint",
        "name": "Mark",
        "desc": "",
        "cmt": "",
        "sym": "Flag, Blue",
        "time": "2019-09-21T01:32:03Z",
        "ele": 436.0804443359375
      }
    },
    {
      "type": "Feature",
      "geometry": {
        "type": "Point",
        "coordinates": [
          -84.83015511184931,
          48.17652781493962,
          400.2716064453125
        ]
      },
      "properties": {
        "feature_type": "waypoint",
        "name": "Mc1",
        "desc": "31-AUG-09 1:33:38PM",
        "cmt": "31-AUG-09 1:33:38PM",
        "sym": "Flag, Blue",
        "time": "2019-09-21T01:32:03Z",
        "ele": 400.2716064453125
      }
    },
    {
      "type": "Feature",
      "geometry": {
        "type": "Point",
        "coordinates": [
          -84.85410447232425,
          48.21762160398066,
          442.3289794921875
        ]
      },
      "properties": {
        "feature_type": "waypoint",
        "name": "Mc2?",
        "desc": "31-AUG-09 1:36:42PM",
        "cmt": "31-AUG-09 1:36:42PM",
        "sym": "Flag, Blue",
        "time": "2019-09-21T01:32:03Z",
        "ele": 442.3289794921875
      }
    },
    {
      "type": "Feature",
      "geometry": {
        "type": "Point",
        "coordinates": [
          -84.88634311594069,
          48.218313278630376,
          417.0946044921875
        ]
      },
      "properties": {
        "feature_type": "waypoint",
        "name": "McCorkmick",
        "desc": "",
        "cmt": "",
        "sym": "Flag, Blue",
        "time": "2019-09-21T01:32:03Z",
        "ele": 417.0946044921875
      }
    },
    {
      "type": "Feature",
      "geometry": {
        "type": "Point",
        "coordinates": [
          -84.86911905929446,
          48.23280190117657,
          437.2821044921875
        ]
      },
      "properties": {
        "feature_type": "waypoint",
        "name": "McCormick",
        "desc": "25-SEP-19 8:25:46AM",
        "cmt": "25-SEP-19 8:25:46AM",
        "sym": "Flag, Blue",
        "time": "2019-09-25T17:02:18Z",
        "ele": 437.2821044921875
      }
    },
    {
      "type": "Feature",
      "geometry": {
        "type": "Point",
        "coordinates": [
          -84.66805782169104,
          47.98464450985193
        ]
      },
      "properties": {
        "feature_type": "waypoint",
        "name": "Megit Lake",
        "desc": "22-SEP-19 6:03:12AM",
        "cmt": "22-SEP-19 6:03:12AM",
        "sym": "Flag, Blue",
        "time": "2019-09-26T13:42:01Z",
        "ele": null
      }
    },
    {
      "type": "Feature",
      "geometry": {
        "type": "Point",
        "coordinates": [
          -84.66792806982994,
          47.98484852537513,
          306.0631103515625
        ]
      },
      "properties": {
        "feature_type": "waypoint",
        "name": "Megit Lake Inlet 1",
        "desc": "22-SEP-19 10:20:46AM",
        "cmt": "22-SEP-19 10:20:46AM",
        "sym": "Flag, Blue",
        "time": "2019-09-22T22:51:21Z",
        "ele": 306.0631103515625
      }
    },
    {
      "type": "Feature",
      "geometry": {
        "type": "Point",
        "coordinates": [
          -84.66749891638756,
          47.9848759341985,
          316.8779296875
        ]
      },
      "properties": {
        "feature_type": "waypoint",
        "name": "Megit Lake Landing",
        "desc": "22-SEP-19 9:43:03AM",
        "cmt": "22-SEP-19 9:43:03AM",
        "sym": "Boat Ramp",
        "time": "2019-09-22T22:51:21Z",
        "ele": 316.8779296875
      }
    },
    {
      "type": "Feature",
      "geometry": {
        "type": "Point",
        "coordinates": [
          -84.66855436563492,
          47.9799628816545,
          300.2952880859375
        ]
      },
      "properties": {
        "feature_type": "waypoint",
        "name": "Megit Lake Outlet",
        "desc": "22-SEP-19 10:40:10AM",
        "cmt": "22-SEP-19 10:40:10AM",
        "sym": "Flag, Blue",
        "time": "2019-09-22T22:51:21Z",
        "ele": 300.2952880859375
      }
    },
    {
      "type": "Feature",
      "geometry": {
        "type": "Point",
        "coordinates": [
          -84.66741409152746,
          47.985174246132374,
          321.444091796875
        ]
      },
      "properties": {
        "feature_type": "waypoint",
        "name": "Megit Lake Parking",
        "desc": "22-SEP-19 9:46:32AM",
        "cmt": "22-SEP-19 9:46:32AM",
        "sym": "Parking Area",
        "time": "2019-09-22T22:51:21Z",
        "ele": 321.444091796875
      }
    },
    {
      "type": "Feature",
      "geometry": {
        "type": "Point",
        "coordinates": [
          -84.9602145049721,
          48.053191965445876,
          436.0804443359375
        ]
      },
      "properties": {
        "feature_type": "waypoint",
        "name": "Molybdenite Lake",
        "desc": "",
        "cmt": "",
        "sym": "Water Source",
        "time": "2019-09-21T01:32:03Z",
        "ele": 436.0804443359375
      }
    },
    {
      "type": "Feature",
      "geometry": {
        "type": "Point",
        "coordinates": [
          -84.97852653265,
          48.40711715631187,
          433.91748046875
        ]
      },
      "properties": {
        "feature_type": "waypoint",
        "name": "Moosejaw Lake",
        "desc": "",
        "cmt": "",
        "sym": "Flag, Blue",
        "time": "2019-09-26T13:42:01Z",
        "ele": 433.91748046875
      }
    },
    {
      "type": "Feature",
      "geometry": {
        "type": "Point",
        "coordinates": [
          -84.90436353720725,
          48.25508242473006
        ]
      },
      "properties": {
        "feature_type": "waypoint",
        "name": "No Name Lake",
        "desc": "22-SEP-19 7:26:54AM",
        "cmt": "22-SEP-19 7:26:54AM",
        "sym": "Water Source",
        "time": "2019-09-26T13:42:01Z",
        "ele": null
      }
    },
    {
      "type": "Feature",
      "geometry": {
        "type": "Point",
        "coordinates": [
          -84.90631643682718,
          48.255033139139414,
          436.5611572265625
        ]
      },
      "properties": {
        "feature_type": "waypoint",
        "name": "No Name Landing",
        "desc": "25-SEP-19 8:54:02AM",
        "cmt": "25-SEP-19 8:54:02AM",
        "sym": "Boat Ramp",
        "time": "2019-09-25T17:02:18Z",
        "ele": 436.5611572265625
      }
    },
    {
      "type": "Feature",
      "geometry": {
        "type": "Point",
        "coordinates": [
          -84.90749635733664,
          48.25537847355008,
          443.7708740234375
        ]
      },
      "properties": {
        "feature_type": "waypoint",
        "name": "No Name Pk",
        "desc": "25-SEP-19 8:44:48AM",
        "cmt": "25-SEP-19 8:44:48AM",
        "sym": "Parking Area",
        "time": "2019-09-25T17:02:18Z",
        "ele": 443.7708740234375
      }
    },
    {
      "type": "Feature",
      "geometry": {
        "type": "Point",
        "coordinates": [
          -84.90698799490929,
          48.25568734668195,
          449.05810546875
        ]
      },
      "properties": {
        "feature_type": "waypoint",
        "name": "No Name Portage",
        "desc": "25-SEP-19 9:06:12AM",
        "cmt": "25-SEP-19 9:06:12AM",
        "sym": "Flag, Blue",
        "time": "2019-09-25T17:02:18Z",
        "ele": 449.05810546875
      }
    },
    {
      "type": "Feature",
      "geometry": {
        "type": "Point",
        "coordinates": [
          -85.04739032126963,
          48.342667361721396,
          431.994873046875
        ]
      },
      "properties": {
        "feature_type": "waypoint",
        "name": "Obatanga Park",
        "desc": "31-AUG-09 1:50:29PM",
        "cmt": "31-AUG-09 1:50:29PM",
        "sym": "Flag, Blue",
        "time": "2019-09-21T01:32:03Z",
        "ele": 431.994873046875
      }
    },
    {
      "type": "Feature",
      "geometry": {
        "type": "Point",
        "coordinates": [
          -85.02459581941366,
          48.34816035814583,
          431.994873046875
        ]
      },
      "properties": {
        "feature_type": "waypoint",
        "name": "Obatanga Shower",
        "desc": "",
        "cmt": "",
        "sym": "Shower",
        "time": "2019-09-21T01:32:03Z",
        "ele": 431.994873046875
      }
    },
    {
      "type": "Feature",
      "geometry": {
        "type": "Point",
        "coordinates": [
          -84.79580397717655,
          48.08114913292229,
          300.0550537109375
        ]
      },
      "properties": {
        "feature_type": "waypoint",
        "name": "Outhouse",
        "desc": "26-SEP-19 6:38:31AM",
        "cmt": "26-SEP-19 6:38:31AM",
        "sym": "Flag, Blue",
        "time": "2019-09-26T13:42:01Z",
        "ele": 300.0550537109375
      }
    },
    {
      "type": "Feature",
      "geometry": {
        "type": "Point",
        "coordinates": [
          -84.66855436563492,
          47.9799628816545,
          300.2952880859375
        ]
      },
      "properties": {
        "feature_type": "waypoint",
        "name": "Outlet",
        "desc": "22-SEP-19 10:40:10AM",
        "cmt": "22-SEP-19 10:40:10AM",
        "sym": "Flag, Blue",
        "time": "2019-09-24T15:08:22Z",
        "ele": 300.2952880859375
      }
    },
    {
      "type": "Feature",
      "geometry": {
        "type": "Point",
        "coordinates": [
          -84.67240559868515,
          47.97410502098501,
          291.403076171875
        ]
      },
      "properties": {
        "feature_type": "waypoint",
        "name": "Outlet 2",
        "desc": "22-SEP-19 11:38:23AM",
        "cmt": "22-SEP-19 11:38:23AM",
        "sym": "Flag, Blue",
        "time": "2019-09-22T22:51:21Z",
        "ele": 291.403076171875
      }
    },
    {
      "type": "Feature",
      "geometry": {
        "type": "Point",
        "coordinates": [
          -84.90097087807953,
          48.26048154383898,
          444.7322998046875
        ]
      },
      "properties": {
        "feature_type": "waypoint",
        "name": "Pike",
        "desc": "21-SEP-19 2:02:19PM",
        "cmt": "21-SEP-19 2:02:19PM",
        "sym": "Flag, Blue",
        "time": "2019-09-24T15:08:22Z",
        "ele": 444.7322998046875
      }
    },
    {
      "type": "Feature",
      "geometry": {
        "type": "Point",
        "coordinates": [
          -84.90097087807953,
          48.26048154383898,
          444.7322998046875
        ]
      },
      "properties": {
        "feature_type": "waypoint",
        "name": "Pike 9/21/19",
        "desc": "21-SEP-19 2:02:19PM",
        "cmt": "21-SEP-19 2:02:19PM",
        "sym": "Fishing Area",
        "time": "2019-09-22T22:51:21Z",
        "ele": 444.7322998046875
      }
    },
    {
      "type": "Feature",
      "geometry": {
        "type": "Point",
        "coordinates": [
          -84.903509253636,
          48.25380812399089,
          433.6771240234375
        ]
      },
      "properties": {
        "feature_type": "waypoint",
        "name": "Pike1",
        "desc": "26-SEP-19 12:11:21PM",
        "cmt": "26-SEP-19 12:11:21PM",
        "sym": "Flag, Blue",
        "time": "2019-09-29T06:23:17Z",
        "ele": 433.6771240234375
      }
    },
    {
      "type": "Feature",
      "geometry": {
        "type": "Point",
        "coordinates": [
          -84.90149072371423,
          48.25114167295396,
          428.8707275390625
        ]
      },
      "properties": {
        "feature_type": "waypoint",
        "name": "Pike2",
        "desc": "26-SEP-19 12:48:42PM",
        "cmt": "26-SEP-19 12:48:42PM",
        "sym": "Flag, Blue",
        "time": "2019-09-29T06:23:17Z",
        "ele": 428.8707275390625
      }
    },
    {
      "type": "Feature",
      "geometry": {
        "type": "Point",
        "coordinates": [
          -84.90097087807953,
          48.26048154383898,
          444.7322998046875
        ]
      },
      "properties": {
        "feature_type": "waypoint",
        "name": "Pike3",
        "desc": "21-SEP-19 2:02:19PM",
        "cmt": "21-SEP-19 2:02:19PM",
        "sym": "Flag, Blue",
        "time": "2019-09-24T15:08:22Z",
        "ele": 444.7322998046875
      }
    },
    {
      "type": "Feature",
      "geometry": {
        "type": "Point",
        "coordinates": [
          -84.79601520113647,
          48.08130453340709,
          300.7760009765625
        ]
      },
      "properties": {
        "feature_type": "waypoint",
        "name": "Power Pole",
        "desc": "26-SEP-19 6:39:22AM",
        "cmt": "26-SEP-19 6:39:22AM",
        "sym": "Flag, Blue",
        "time": "2019-09-26T13:42:01Z",
        "ele": 300.7760009765625
      }
    },
    {
      "type": "Feature",
      "geometry": {
        "type": "Point",
        "coordinates": [
          -84.795958455652,
          48.080918211489916,
          307.7454833984375
        ]
      },
      "properties": {
        "feature_type": "waypoint",
        "name": "Power Pole 2",
        "desc": "26-SEP-19 7:04:13AM",
        "cmt": "26-SEP-19 7:04:13AM",
        "sym": "Flag, Blue",
        "time": "2019-09-26T14:14:59Z",
        "ele": 307.7454833984375
      }
    },
    {
      "type": "Feature",
      "geometry": {
        "type": "Point",
        "coordinates": [
          -84.79600799269974,
          48.080522920936346,
          317.598876953125
        ]
      },
      "properties": {
        "feature_type": "waypoint",
        "name": "Power Pole 3",
        "desc": "26-SEP-19 7:06:08AM",
        "cmt": "26-SEP-19 7:06:08AM",
        "sym": "Flag, Blue",
        "time": "2019-09-26T14:14:59Z",
        "ele": 317.598876953125
      }
    },
    {
      "type": "Feature",
      "geometry": {
        "type": "Point",
        "coordinates": [
          -84.79637352749705,
          48.07990978471935,
          323.12646484375
        ]
      },
      "properties": {
        "feature_type": "waypoint",
        "name": "Power Pole 4",
        "desc": "26-SEP-19 7:07:09AM",
        "cmt": "26-SEP-19 7:07:09AM",
        "sym": "Flag, Blue",
        "time": "2019-09-26T14:14:59Z",
        "ele": 323.12646484375
      }
    },
    {
      "type": "Feature",
      "geometry": {
        "type": "Point",
        "coordinates": [
          -84.91822611540556,
          48.26208332553506,
          445.9339599609375
        ]
      },
      "properties": {
        "feature_type": "waypoint",
        "name": "Princess Creek Lake",
        "desc": "",
        "cmt": "",
        "sym": "Water Source",
        "time": "2019-09-21T01:32:03Z",
        "ele": 445.9339599609375
      }
    },
    {
      "type": "Feature",
      "geometry": {
        "type": "Point",
        "coordinates": [
          -84.91330794990063,
          48.259152341634035,
          435.119140625
        ]
      },
      "properties": {
        "feature_type": "waypoint",
        "name": "Princess Creek Landing",
        "desc": "25-SEP-19 9:16:48AM",
        "cmt": "25-SEP-19 9:16:48AM",
        "sym": "Boat Ramp",
        "time": "2019-09-25T17:02:18Z",
        "ele": 435.119140625
      }
    },
    {
      "type": "Feature",
      "geometry": {
        "type": "Point",
        "coordinates": [
          -84.91243438795209,
          48.263058895245194,
          431.994873046875
        ]
      },
      "properties": {
        "feature_type": "waypoint",
        "name": "Princess Creek Landing Old",
        "desc": "30-AUG-09 1:33:05PM",
        "cmt": "30-AUG-09 1:33:05PM",
        "sym": "Boat Ramp",
        "time": "2019-09-21T01:32:03Z",
        "ele": 431.994873046875
      }
    },
    {
      "type": "Feature",
      "geometry": {
        "type": "Point",
        "coordinates": [
          -84.91310049779713,
          48.25817769393325,
          440.886962890625
        ]
      },
      "properties": {
        "feature_type": "waypoint",
        "name": "Princess Creek Parking",
        "desc": "25-SEP-19 9:13:56AM",
        "cmt": "25-SEP-19 9:13:56AM",
        "sym": "Parking Area",
        "time": "2019-09-25T17:02:18Z",
        "ele": 440.886962890625
      }
    },
    {
      "type": "Feature",
      "geometry": {
        "type": "Point",
        "coordinates": [
          -84.91302941925824,
          48.258318258449435
        ]
      },
      "properties": {
        "feature_type": "waypoint",
        "name": "Princess Creek Tr Block",
        "desc": "",
        "cmt": "",
        "sym": "Circle with X",
        "time": "2019-09-25T18:34:01Z",
        "ele": null
      }
    },
    {
      "type": "Feature",
      "geometry": {
        "type": "Point",
        "coordinates": [
          -84.88217068836093,
          48.260099748149514,
          435.119140625
        ]
      },
      "properties": {
        "feature_type": "waypoint",
        "name": "Princess Creek Turn",
        "desc": "30-AUG-09 6:02:23PM",
        "cmt": "30-AUG-09 6:02:23PM",
        "sym": "Flag, Blue",
        "time": "2019-09-21T01:32:03Z",
        "ele": 435.119140625
      }
    },
    {
      "type": "Feature",
      "geometry": {
        "type": "Point",
        "coordinates": [
          -84.90210486575961,
          48.26089049689472,
          462.035888671875
        ]
      },
      "properties": {
        "feature_type": "waypoint",
        "name": "Princess Lake",
        "desc": "",
        "cmt": "",
        "sym": "Water Source",
        "time": "2019-09-26T13:42:01Z",
        "ele": 462.035888671875
      }
    },
    {
      "type": "Feature",
      "geometry": {
        "type": "Point",
        "coordinates": [
          -84.90177612751722,
          48.258178029209375,
          446.17431640625
        ]
      },
      "properties": {
        "feature_type": "waypoint",
        "name": "Princess Lake Parking",
        "desc": "21-SEP-19 12:15:57PM",
        "cmt": "21-SEP-19 12:15:57PM",
        "sym": "Parking Area",
        "time": "2019-09-22T22:51:21Z",
        "ele": 446.17431640625
      }
    },
    {
      "type": "Feature",
      "geometry": {
        "type": "Point",
        "coordinates": [
          -84.90240518935025,
          48.25881262309849,
          444.0113525390625
        ]
      },
      "properties": {
        "feature_type": "waypoint",
        "name": "Princess Lake Portage",
        "desc": "21-SEP-19 12:33:21PM",
        "cmt": "21-SEP-19 12:33:21PM",
        "sym": "Boat Ramp",
        "time": "2019-09-22T01:39:58Z",
        "ele": 444.0113525390625
      }
    },
    {
      "type": "Feature",
      "geometry": {
        "type": "Point",
        "coordinates": [
          -84.90087389945984,
          48.25771224685013,
          449.05810546875
        ]
      },
      "properties": {
        "feature_type": "waypoint",
        "name": "Princess Lake Turn",
        "desc": "21-SEP-19 11:53:19AM",
        "cmt": "21-SEP-19 11:53:19AM",
        "sym": "Flag, Blue",
        "time": "2019-09-22T01:39:58Z",
        "ele": 449.05810546875
      }
    },
    {
      "type": "Feature",
      "geometry": {
        "type": "Point",
        "coordinates": [
          -84.81331838294864,
          48.25743614695966,
          407.000732421875
        ]
      },
      "properties": {
        "feature_type": "waypoint",
        "name": "Radford Lake",
        "desc": "",
        "cmt": "",
        "sym": "Flag, Blue",
        "time": "2019-09-26T13:42:01Z",
        "ele": 407.000732421875
      }
    },
    {
      "type": "Feature",
      "geometry": {
        "type": "Point",
        "coordinates": [
          -84.74509237334132,
          48.2156284712255,
          388.9761962890625
        ]
      },
      "properties": {
        "feature_type": "waypoint",
        "name": "Reynolds Lake",
        "desc": "",
        "cmt": "",
        "sym": "Flag, Blue",
        "time": "2019-09-26T13:42:01Z",
        "ele": 388.9761962890625
      }
    },
    {
      "type": "Feature",
      "geometry": {
        "type": "Point",
        "coordinates": [
          -84.87593589350581,
          48.34051430225372
        ]
      },
      "properties": {
        "feature_type": "waypoint",
        "name": "Ruthelda Lake",
        "desc": "Northern, Walleye",
        "cmt": "Northern, Walleye",
        "sym": "Flag, Blue",
        "time": "2019-09-26T13:42:01Z",
        "ele": null
      }
    },
    {
      "type": "Feature",
      "geometry": {
        "type": "Point",
        "coordinates": [
          -84.87734941765666,
          48.34093188866973,
          430.552978515625
        ]
      },
      "properties": {
        "feature_type": "waypoint",
        "name": "Ruthelda Lake Channel 1",
        "desc": "24-SEP-19 2:26:48PM",
        "cmt": "24-SEP-19 2:26:48PM",
        "sym": "Flag, Blue",
        "time": "2019-09-25T17:02:18Z",
        "ele": 430.552978515625
      }
    },
    {
      "type": "Feature",
      "geometry": {
        "type": "Point",
        "coordinates": [
          -84.878174867481,
          48.341858591884375,
          431.0335693359375
        ]
      },
      "properties": {
        "feature_type": "waypoint",
        "name": "Ruthelda Lake Channel 2",
        "desc": "24-SEP-19 2:24:14PM",
        "cmt": "24-SEP-19 2:24:14PM",
        "sym": "Flag, Blue",
        "time": "2019-09-25T17:02:18Z",
        "ele": 431.0335693359375
      }
    },
    {
      "type": "Feature",
      "geometry": {
        "type": "Point",
        "coordinates": [
          -84.87796615809202,
          48.33484738133848,
          455.0662841796875
        ]
      },
      "properties": {
        "feature_type": "waypoint",
        "name": "Ruthelda Lake Landing",
        "desc": "",
        "cmt": "",
        "sym": "Boat Ramp",
        "time": "2019-09-21T01:32:03Z",
        "ele": 455.0662841796875
      }
    },
    {
      "type": "Feature",
      "geometry": {
        "type": "Point",
        "coordinates": [
          -84.87785115838051,
          48.3326219022274,
          444.0113525390625
        ]
      },
      "properties": {
        "feature_type": "waypoint",
        "name": "Ruthelda Lake Main Landing",
        "desc": "24-SEP-19 11:14:52AM",
        "cmt": "24-SEP-19 11:14:52AM",
        "sym": "Boat Ramp",
        "time": "2019-09-25T17:02:18Z",
        "ele": 444.0113525390625
      }
    },
    {
      "type": "Feature",
      "geometry": {
        "type": "Point",
        "coordinates": [
          -84.876544252038,
          48.33074536174536,
          462.035888671875
        ]
      },
      "properties": {
        "feature_type": "waypoint",
        "name": "Ruthelda Lake Parking",
        "desc": "",
        "cmt": "",
        "sym": "Parking Area",
        "time": "2019-09-21T01:32:03Z",
        "ele": 462.035888671875
      }
    },
    {
      "type": "Feature",
      "geometry": {
        "type": "Point",
        "coordinates": [
          -84.87728043459356,
          48.33163803443313,
          462.2762451171875
        ]
      },
      "properties": {
        "feature_type": "waypoint",
        "name": "Ruthelda Lake Parking closer",
        "desc": "24-SEP-19 10:35:05AM",
        "cmt": "24-SEP-19 10:35:05AM",
        "sym": "Parking Area",
        "time": "2019-09-25T17:02:18Z",
        "ele": 462.2762451171875
      }
    },
    {
      "type": "Feature",
      "geometry": {
        "type": "Point",
        "coordinates": [
          -84.88195116631687,
          48.34734530188143,
          432.7159423828125
        ]
      },
      "properties": {
        "feature_type": "waypoint",
        "name": "Ruthelda Lake Pike 9/24/19 1",
        "desc": "24-SEP-19 2:04:41PM",
        "cmt": "24-SEP-19 2:04:41PM",
        "sym": "Fishing Area",
        "time": "2019-09-25T17:02:18Z",
        "ele": 432.7159423828125
      }
    },
    {
      "type": "Feature",
      "geometry": {
        "type": "Point",
        "coordinates": [
          -84.88595528528094,
          48.35158059373498,
          434.8787841796875
        ]
      },
      "properties": {
        "feature_type": "waypoint",
        "name": "Ruthelda Lake Pike 9/24/19 2",
        "desc": "24-SEP-19 1:44:17PM",
        "cmt": "24-SEP-19 1:44:17PM",
        "sym": "Fishing Area",
        "time": "2019-09-25T17:02:18Z",
        "ele": 434.8787841796875
      }
    },
    {
      "type": "Feature",
      "geometry": {
        "type": "Point",
        "coordinates": [
          -84.87771428190172,
          48.3386867120862,
          438.7239990234375
        ]
      },
      "properties": {
        "feature_type": "waypoint",
        "name": "Ruthelda Lake Rock 1",
        "desc": "24-SEP-19 11:54:12AM",
        "cmt": "24-SEP-19 11:54:12AM",
        "sym": "Flag, Blue",
        "time": "2019-09-25T17:02:18Z",
        "ele": 438.7239990234375
      }
    },
    {
      "type": "Feature",
      "geometry": {
        "type": "Point",
        "coordinates": [
          -84.88265289925039,
          48.3481774572283,
          435.5997314453125
        ]
      },
      "properties": {
        "feature_type": "waypoint",
        "name": "Ruthelda Lake Rock 2",
        "desc": "24-SEP-19 12:57:08PM",
        "cmt": "24-SEP-19 12:57:08PM",
        "sym": "Flag, Blue",
        "time": "2019-09-25T17:02:18Z",
        "ele": 435.5997314453125
      }
    },
    {
      "type": "Feature",
      "geometry": {
        "type": "Point",
        "coordinates": [
          -84.87851299345493,
          48.33740419708192,
          438.4837646484375
        ]
      },
      "properties": {
        "feature_type": "waypoint",
        "name": "Ruthelda Lake Rock 3",
        "desc": "24-SEP-19 11:48:18AM",
        "cmt": "24-SEP-19 11:48:18AM",
        "sym": "Flag, Blue",
        "time": "2019-09-25T17:02:18Z",
        "ele": 438.4837646484375
      }
    },
    {
      "type": "Feature",
      "geometry": {
        "type": "Point",
        "coordinates": [
          -84.87161644734442,
          48.31877684220672,
          449.05810546875
        ]
      },
      "properties": {
        "feature_type": "waypoint",
        "name": "Ruthelda Splt1",
        "desc": "01-SEP-09 12:14:47PM",
        "cmt": "01-SEP-09 12:14:47PM",
        "sym": "Flag, Blue",
        "time": "2019-09-21T01:32:03Z",
        "ele": 449.05810546875
      }
    },
    {
      "type": "Feature",
      "geometry": {
        "type": "Point",
        "coordinates": [
          -84.87947573885322,
          48.32032288424671,
          456.9888916015625
        ]
      },
      "properties": {
        "feature_type": "waypoint",
        "name": "Ruthelda Splt2",
        "desc": "01-SEP-09 12:16:31PM",
        "cmt": "01-SEP-09 12:16:31PM",
        "sym": "Flag, Blue",
        "time": "2019-09-21T01:32:03Z",
        "ele": 456.9888916015625
      }
    },
    {
      "type": "Feature",
      "geometry": {
        "type": "Point",
        "coordinates": [
          -84.86082315444946,
          48.3169127907604
        ]
      },
      "properties": {
        "feature_type": "waypoint",
        "name": "Ruthelda Turn",
        "desc": "",
        "cmt": "",
        "sym": "Flag, Blue",
        "time": "2019-09-21T01:32:03Z",
        "ele": null
      }
    },
    {
      "type": "Feature",
      "geometry": {
        "type": "Point",
        "coordinates": [
          -84.7958665061742,
          48.08120872825384,
          300.2952880859375
        ]
      },
      "properties": {
        "feature_type": "waypoint",
        "name": "Shed",
        "desc": "26-SEP-19 6:38:58AM",
        "cmt": "26-SEP-19 6:38:58AM",
        "sym": "Flag, Blue",
        "time": "2019-09-26T13:42:01Z",
        "ele": 300.2952880859375
      }
    },
    {
      "type": "Feature",
      "geometry": {
        "type": "Point",
        "coordinates": [
          -84.66035518795252,
          48.008666541427374,
          319.0408935546875
        ]
      },
      "properties": {
        "feature_type": "waypoint",
        "name": "Shook Lake Landing",
        "desc": "22-SEP-19 2:32:06PM",
        "cmt": "22-SEP-19 2:32:06PM",
        "sym": "Boat Ramp",
        "time": "2019-09-22T22:51:21Z",
        "ele": 319.0408935546875
      }
    },
    {
      "type": "Feature",
      "geometry": {
        "type": "Point",
        "coordinates": [
          -84.83003407716751,
          47.93933680281043,
          195.9930419921875
        ]
      },
      "properties": {
        "feature_type": "waypoint",
        "name": "Silver Falls",
        "desc": "02-SEP-09 11:56:43AM",
        "cmt": "02-SEP-09 11:56:43AM",
        "sym": "Flag, Blue",
        "time": "2019-09-21T01:32:03Z",
        "ele": 195.9930419921875
      }
    },
    {
      "type": "Feature",
      "geometry": {
        "type": "Point",
        "coordinates": [
          -84.74197464063764,
          48.0780834518373,
          333.22021484375
        ]
      },
      "properties": {
        "feature_type": "waypoint",
        "name": "Steephill Falls Dam",
        "desc": "23-SEP-19 9:30:10AM",
        "cmt": "23-SEP-19 9:30:10AM",
        "sym": "Dam",
        "time": "2019-09-24T15:08:22Z",
        "ele": 333.22021484375
      }
    },
    {
      "type": "Feature",
      "geometry": {
        "type": "Point",
        "coordinates": [
          -84.7456716466695,
          48.07876951061189,
          334.6622314453125
        ]
      },
      "properties": {
        "feature_type": "waypoint",
        "name": "Steephill Falls Landing",
        "desc": "23-SEP-19 9:29:36AM",
        "cmt": "23-SEP-19 9:29:36AM",
        "sym": "Boat Ramp",
        "time": "2019-09-24T15:08:22Z",
        "ele": 334.6622314453125
      }
    },
    {
      "type": "Feature",
      "geometry": {
        "type": "Point",
        "coordinates": [
          -84.72809739410877,
          48.29537264071405,
          356.05126953125
        ]
      },
      "properties": {
        "feature_type": "waypoint",
        "name": "Sutherland Lake",
        "desc": "",
        "cmt": "",
        "sym": "Water Source",
        "time": "2019-09-21T01:32:03Z",
        "ele": 356.05126953125
      }
    },
    {
      "type": "Feature",
      "geometry": {
        "type": "Point",
        "coordinates": [
          -84.93765134364367,
          48.295783353969455,
          450.01953125
        ]
      },
      "properties": {
        "feature_type": "waypoint",
        "name": "Tamawa Rd",
        "desc": "31-AUG-09 1:44:01PM",
        "cmt": "31-AUG-09 1:44:01PM",
        "sym": "Flag, Blue",
        "time": "2019-09-21T01:32:03Z",
        "ele": 450.01953125
      }
    },
    {
      "type": "Feature",
      "geometry": {
        "type": "Point",
        "coordinates": [
          -84.84064405784011,
          48.28044656664133,
          413.9703369140625
        ]
      },
      "properties": {
        "feature_type": "waypoint",
        "name": "Tea Lake",
        "desc": "",
        "cmt": "",
        "sym": "Flag, Blue",
        "time": "2019-09-26T13:42:01Z",
        "ele": 413.9703369140625
      }
    },
    {
      "type": "Feature",
      "geometry": {
        "type": "Point",
        "coordinates": [
          -84.67482084408402,
          48.34019495174289,
          365.90478515625
        ]
      },
      "properties": {
        "feature_type": "waypoint",
        "name": "Twin Lakes",
        "desc": "",
        "cmt": "",
        "sym": "Flag, Blue",
        "time": "2019-09-26T13:42:01Z",
        "ele": 365.90478515625
      }
    },
    {
      "type": "Feature",
      "geometry": {
        "type": "Point",
        "coordinates": [
          -84.66868688352406,
          47.98559384420514,
          317.1182861328125
        ]
      },
      "properties": {
        "feature_type": "waypoint",
        "name": "Washout",
        "desc": "22-SEP-19 9:50:43AM",
        "cmt": "22-SEP-19 9:50:43AM",
        "sym": "Flag, Blue",
        "time": "2019-09-26T13:42:01Z",
        "ele": 317.1182861328125
      }
    },
    {
      "type": "Feature",
      "geometry": {
        "type": "Point",
        "coordinates": [
          -84.86007381230593,
          48.20253124460578,
          412.0477294921875
        ]
      },
      "properties": {
        "feature_type": "waypoint",
        "name": "Wasp Lake",
        "desc": "",
        "cmt": "",
        "sym": "Flag, Blue",
        "time": "2019-09-26T13:42:01Z",
        "ele": 412.0477294921875
      }
    },
    {
      "type": "Feature",
      "geometry": {
        "type": "LineString",
        "coordinates": [
          [
            -84.79663336649537,
            48.08116665109992
          ],
          [
            -84.79566517286003,
            48.08160988613963,
            330.81689453125
          ],
          [
            -84.79546668939292,
            48.081233371049166
          ],
          [
            -84.79634997434914,
            48.08083330281079
          ],
          [
            -84.79663336649537,
            48.08116665109992
          ]
        ]
      },
      "properties": {
        "feature_type": "route",
        "name": "Property Line estimate",
        "desc": "",
        "point_count": 5
      }
    },
    {
      "type": "Feature",
      "geometry": {
        "type": "LineString",
        "coordinates": [
          [
            -84.80642896145582,
            48.073836509138346,
            339.0020751953125
          ],
          [
            -84.80489146895707,
            48.07387967593968,
            339.96337890625
          ],
          [
            -84.80253271758556,
            48.073829635977745,
            338.040771484375
          ],
          [
            -84.80186291970313,
            48.07376626878977,
            333.7147216796875
          ],
          [
            -84.80124366469681,
            48.07372201234102,
            329.8695068359375
          ],
          [
            -84.80084158480167,
            48.07371027767658,
            327.4661865234375
          ],
          [
            -84.80005821213126,
            48.07381865568459,
            323.140380859375
          ],
          [
            -84.79987842030823,
            48.07386844418943,
            322.65966796875
          ],
          [
            -84.79877980425954,
            48.074186788871884,
            324.582275390625
          ],
          [
            -84.79767875745893,
            48.07453103363514,
            320.737060546875
          ],
          [
            -84.79727231897414,
            48.074616361409426,
            319.775634765625
          ],
          [
            -84.79627897962928,
            48.07473882101476,
            323.140380859375
          ],
          [
            -84.79587555862963,
            48.07478601112962,
            324.1015625
          ],
          [
            -84.79461860843003,
            48.07489849627018,
            326.985595703125
          ],
          [
            -84.79266956448555,
            48.07501860894263,
            331.3115234375
          ],
          [
            -84.79227636940777,
            48.075047275051475,
            332.2728271484375
          ],
          [
            -84.79105537757277,
            48.075124556198716,
            335.6373291015625
          ],
          [
            -84.79001861996949,
            48.075126903131604,
            339.0020751953125
          ],
          [
            -84.78875479660928,
            48.07512262836099,
            342.36669921875
          ],
          [
            -84.78542357683182,
            48.07513738051057,
            340.9246826171875
          ],
          [
            -84.78426109068096,
            48.07514324784279,
            344.2894287109375
          ],
          [
            -84.78359808214009,
            48.07514861226082,
            349.5765380859375
          ],
          [
            -84.78295099921525,
            48.075147522613406,
            353.902587890625
          ],
          [
            -84.78230374865234,
            48.07514576241374,
            358.2283935546875
          ],
          [
            -84.78187794797122,
            48.07515707798302,
            362.07373046875
          ],
          [
            -84.7813078109175,
            48.07522153481841,
            363.996337890625
          ],
          [
            -84.7805619891733,
            48.075349945575,
            360.151123046875
          ],
          [
            -84.7801869828254,
            48.0754464212805,
            357.26708984375
          ],
          [
            -84.7796238027513,
            48.07561540044844,
            353.421875
          ],
          [
            -84.77924703620374,
            48.07571992278099,
            349.5765380859375
          ],
          [
            -84.77841664105654,
            48.07579116895795,
            345.7313232421875
          ],
          [
            -84.7782082669437,
            48.075776752084494,
            345.2506103515625
          ],
          [
            -84.77779445238411,
            48.0757107026875,
            345.2506103515625
          ],
          [
            -84.77520402520895,
            48.0749440100044,
            346.692626953125
          ],
          [
            -84.77168555371463,
            48.07406231760979,
            349.5765380859375
          ],
          [
            -84.77119026705623,
            48.07394874282181,
            350.0572509765625
          ],
          [
            -84.76748529821634,
            48.073090855032206,
            352.941162109375
          ],
          [
            -84.76644049398601,
            48.07287761941552,
            355.8251953125
          ],
          [
            -84.76583096198738,
            48.07292070239782,
            360.6317138671875
          ],
          [
            -84.76556156761944,
            48.07304408401251,
            362.5543212890625
          ],
          [
            -84.76438726298511,
            48.073744140565395,
            364.9576416015625
          ],
          [
            -84.76271012797952,
            48.074518544599414,
            364.9576416015625
          ],
          [
            -84.76205424405634,
            48.0746953189373,
            364.9576416015625
          ],
          [
            -84.7620528191328,
            48.074697414413095,
            367.3609619140625
          ],
          [
            -84.7620546631515,
            48.07469774968922,
            364.9576416015625
          ],
          [
            -84.76170773617923,
            48.07478969916701,
            365.4383544921875
          ],
          [
            -84.76046218536794,
            48.07508080266416,
            366.3995361328125
          ],
          [
            -84.75825254805386,
            48.075618501752615,
            369.28369140625
          ],
          [
            -84.75738912820816,
            48.07604338042438,
            365.9189453125
          ],
          [
            -84.75701068527997,
            48.0764118488878,
            361.5931396484375
          ],
          [
            -84.75665277801454,
            48.07682574726641,
            357.26708984375
          ],
          [
            -84.75638329982758,
            48.07713001035154,
            352.941162109375
          ],
          [
            -84.75608230568469,
            48.07739848271012,
            348.615234375
          ],
          [
            -84.75556765682995,
            48.07766837999225,
            343.80859375
          ],
          [
            -84.75469493307173,
            48.077925369143486,
            339.96337890625
          ],
          [
            -84.75335458293557,
            48.078300124034286,
            343.327880859375
          ],
          [
            -84.75284043699503,
            48.07844563387334,
            346.692626953125
          ],
          [
            -84.75266760215163,
            48.078500367701054,
            346.692626953125
          ],
          [
            -84.75065083242953,
            48.07900596410036,
            342.8472900390625
          ],
          [
            -84.75027800537646,
            48.0790729355067,
            341.885986328125
          ],
          [
            -84.74906254559755,
            48.07923940010369,
            345.2506103515625
          ],
          [
            -84.74771582521498,
            48.07937761768699,
            346.2120361328125
          ],
          [
            -84.74719304591417,
            48.079317435622215,
            344.2894287109375
          ],
          [
            -84.7469478752464,
            48.07923328131437,
            343.327880859375
          ],
          [
            -84.74647547118366,
            48.07906203903258,
            339.96337890625
          ],
          [
            -84.74589779041708,
            48.078850312158465,
            336.598876953125
          ],
          [
            -84.74565831944346,
            48.07876456528902,
            334.6761474609375
          ],
          [
            -84.74460395984352,
            48.07818302884698,
            334.1954345703125
          ],
          [
            -84.74346217699349,
            48.07766695506871,
            333.234130859375
          ],
          [
            -84.74255827255547,
            48.07759654708207,
            333.7147216796875
          ],
          [
            -84.74242282100022,
            48.077653124928474,
            333.7147216796875
          ],
          [
            -84.74224311299622,
            48.07778254151344,
            333.234130859375
          ],
          [
            -84.74160022102296,
            48.078398779034615,
            333.234130859375
          ],
          [
            -84.74034327082336,
            48.07907955721021,
            333.7147216796875
          ],
          [
            -84.7397487424314,
            48.079367307946086,
            335.6373291015625
          ],
          [
            -84.73816766403615,
            48.07995085604489,
            337.0794677734375
          ],
          [
            -84.7357009537518,
            48.08046047575772,
            336.598876953125
          ],
          [
            -84.73446294665337,
            48.08067756704986,
            335.6373291015625
          ],
          [
            -84.73420361056924,
            48.08069257065654,
            334.6761474609375
          ],
          [
            -84.73344387486577,
            48.080623000860214,
            335.15673828125
          ],
          [
            -84.73297264426947,
            48.080654768273234,
            334.6761474609375
          ],
          [
            -84.7326738294214,
            48.080765660852194,
            335.15673828125
          ],
          [
            -84.7320228908211,
            48.08097906410694,
            336.1181640625
          ],
          [
            -84.73187922500074,
            48.08104586787522,
            336.598876953125
          ],
          [
            -84.731499357149,
            48.08112356811762,
            336.598876953125
          ],
          [
            -84.73079117015004,
            48.08116212487221,
            336.598876953125
          ],
          [
            -84.73061171360314,
            48.08119950816035,
            336.598876953125
          ],
          [
            -84.7303129825741,
            48.08120177127421,
            336.598876953125
          ],
          [
            -84.72953338176012,
            48.08101401664317,
            336.598876953125
          ],
          [
            -84.72891286946833,
            48.08072718791664,
            337.56005859375
          ],
          [
            -84.72830819897354,
            48.08041278272867,
            338.040771484375
          ],
          [
            -84.72826972603798,
            48.08038294315338,
            338.521484375
          ],
          [
            -84.72753915935755,
            48.07967534288764,
            339.482666015625
          ],
          [
            -84.7269131988287,
            48.07895818725228,
            342.36669921875
          ],
          [
            -84.72671228460968,
            48.078699354082346,
            345.7313232421875
          ],
          [
            -84.72644347697496,
            48.078380757942796,
            347.1732177734375
          ],
          [
            -84.72640123218298,
            48.07753209024668,
            348.615234375
          ],
          [
            -84.72658571787179,
            48.07699631899595,
            348.615234375
          ],
          [
            -84.72680582664907,
            48.0763394292444,
            348.615234375
          ],
          [
            -84.72704848274589,
            48.07557868771255,
            348.615234375
          ],
          [
            -84.72728367894888,
            48.07492330670357,
            348.615234375
          ],
          [
            -84.72731167450547,
            48.07431662455201,
            348.615234375
          ],
          [
            -84.72719147801399,
            48.0738096870482,
            349.0958251953125
          ],
          [
            -84.72695359960198,
            48.07345379143953,
            348.615234375
          ],
          [
            -84.72642168402672,
            48.072980465367436,
            349.5765380859375
          ],
          [
            -84.72585355862975,
            48.07271400466561,
            349.0958251953125
          ],
          [
            -84.7255452722311,
            48.07261694222689,
            347.6539306640625
          ],
          [
            -84.72471655346453,
            48.072317289188504,
            344.77001953125
          ],
          [
            -84.72375548444688,
            48.07197991758585,
            341.885986328125
          ],
          [
            -84.72250523976982,
            48.07155235670507,
            339.96337890625
          ],
          [
            -84.72189076244831,
            48.07132042944431,
            341.4052734375
          ],
          [
            -84.72095324657857,
            48.07098574005067,
            343.327880859375
          ],
          [
            -84.72039006650448,
            48.07077057659626,
            343.80859375
          ],
          [
            -84.72023483365774,
            48.07072212919593,
            343.80859375
          ],
          [
            -84.71996627748013,
            48.070499170571566,
            343.327880859375
          ],
          [
            -84.7200933471322,
            48.06994202546775,
            341.4052734375
          ],
          [
            -84.72053532488644,
            48.06921422481537,
            341.4052734375
          ],
          [
            -84.72088971175253,
            48.06849732063711,
            339.482666015625
          ],
          [
            -84.72119959071279,
            48.06792785413563,
            339.96337890625
          ],
          [
            -84.72137100063264,
            48.06738303042948,
            339.96337890625
          ],
          [
            -84.72135163843632,
            48.06657283566892,
            337.0794677734375
          ],
          [
            -84.7213489562273,
            48.06635968387127,
            336.1181640625
          ],
          [
            -84.72134677693248,
            48.06597428396344,
            337.56005859375
          ],
          [
            -84.72163695842028,
            48.06562107056379,
            339.482666015625
          ],
          [
            -84.72222763113678,
            48.06492621079087,
            339.96337890625
          ],
          [
            -84.72278192639351,
            48.064347775653005,
            339.482666015625
          ],
          [
            -84.72339682281017,
            48.063526349142194,
            339.0020751953125
          ],
          [
            -84.7234212141484,
            48.06347329169512,
            339.0020751953125
          ],
          [
            -84.72324050031602,
            48.06311521679163,
            337.0794677734375
          ],
          [
            -84.72277957946062,
            48.06262252852321,
            335.15673828125
          ],
          [
            -84.72249157726765,
            48.0625900067389,
            335.15673828125
          ],
          [
            -84.72197022289038,
            48.06306140497327,
            335.15673828125
          ],
          [
            -84.72105458378792,
            48.06388727389276,
            335.6373291015625
          ],
          [
            -84.71985639072955,
            48.06524648331106,
            337.56005859375
          ],
          [
            -84.71900495700538,
            48.066873494535685,
            338.521484375
          ],
          [
            -84.71778756938875,
            48.06962762027979,
            339.0020751953125
          ],
          [
            -84.71685097552836,
            48.07181269861758,
            339.96337890625
          ],
          [
            -84.71629466861486,
            48.073103511705995,
            340.444091796875
          ],
          [
            -84.71568941138685,
            48.07388470508158,
            340.444091796875
          ],
          [
            -84.71478936262429,
            48.07435082271695,
            340.444091796875
          ],
          [
            -84.7136614099145,
            48.07486714795232,
            340.444091796875
          ],
          [
            -84.71257301978767,
            48.07558069936931,
            340.444091796875
          ],
          [
            -84.71196248196065,
            48.076366083696485,
            339.96337890625
          ],
          [
            -84.71094927750528,
            48.07792084291577,
            341.4052734375
          ],
          [
            -84.71020705997944,
            48.07917410507798,
            342.36669921875
          ],
          [
            -84.70982828177512,
            48.08046299032867,
            343.80859375
          ],
          [
            -84.70932008698583,
            48.08140981011093,
            344.77001953125
          ],
          [
            -84.70877434127033,
            48.08188355527818,
            344.77001953125
          ],
          [
            -84.708197331056,
            48.08245277032256,
            344.77001953125
          ],
          [
            -84.70777370966971,
            48.083374444395304,
            344.77001953125
          ],
          [
            -84.70751973800361,
            48.08479283004999,
            344.77001953125
          ],
          [
            -84.7072956059128,
            48.086009211838245,
            344.2894287109375
          ],
          [
            -84.70676436088979,
            48.08681605383754,
            345.2506103515625
          ],
          [
            -84.70567697659135,
            48.0873120110482,
            344.2894287109375
          ],
          [
            -84.70419371500611,
            48.087799502536654,
            344.2894287109375
          ],
          [
            -84.70289871096611,
            48.08828364126384,
            344.77001953125
          ],
          [
            -84.70229856669903,
            48.088888647034764,
            344.2894287109375
          ],
          [
            -84.70196421258152,
            48.08991031721234,
            343.327880859375
          ],
          [
            -84.70125577412546,
            48.09073886834085,
            342.36669921875
          ],
          [
            -84.6999202016741,
            48.091258043423295,
            340.9246826171875
          ],
          [
            -84.69764803536236,
            48.09195541776717,
            338.521484375
          ],
          [
            -84.6957603469491,
            48.09260694310069,
            336.1181640625
          ],
          [
            -84.69520806334913,
            48.0933509208262,
            336.1181640625
          ],
          [
            -84.69523882493377,
            48.09437443502247,
            336.1181640625
          ],
          [
            -84.69498191960156,
            48.09517415240407,
            336.1181640625
          ],
          [
            -84.69394558109343,
            48.09645004570484,
            335.15673828125
          ],
          [
            -84.69279114156961,
            48.09786977246404,
            334.6761474609375
          ],
          [
            -84.69157123938203,
            48.09860964305699,
            333.234130859375
          ],
          [
            -84.6910235658288,
            48.09950734488666,
            331.7921142578125
          ],
          [
            -84.69082734547555,
            48.100671926513314,
            329.8695068359375
          ],
          [
            -84.69065945595503,
            48.10169502161443,
            328.9083251953125
          ],
          [
            -84.69055543653667,
            48.102412009611726,
            328.4276123046875
          ],
          [
            -84.6904297079891,
            48.1032042670995,
            327.4661865234375
          ],
          [
            -84.6902830246836,
            48.10405754484236,
            326.985595703125
          ],
          [
            -84.68982830643654,
            48.10494787059724,
            326.5048828125
          ],
          [
            -84.68933125957847,
            48.1055270601064,
            326.985595703125
          ],
          [
            -84.68838016502559,
            48.1062935013324,
            326.985595703125
          ],
          [
            -84.68766326084733,
            48.10679968446493,
            327.4661865234375
          ],
          [
            -84.68652424402535,
            48.10755539685488,
            327.94677734375
          ],
          [
            -84.68552805483341,
            48.10812829993665,
            328.9083251953125
          ],
          [
            -84.68397924676538,
            48.10887445695698,
            330.3502197265625
          ],
          [
            -84.68275029212236,
            48.10914636589587,
            331.7921142578125
          ],
          [
            -84.68007193878293,
            48.109737457707524,
            334.1954345703125
          ],
          [
            -84.6776113472879,
            48.11020080931485,
            336.1181640625
          ],
          [
            -84.67609916813672,
            48.11048177070916,
            338.040771484375
          ],
          [
            -84.67566557228565,
            48.11054647900164,
            338.040771484375
          ],
          [
            -84.67505008913577,
            48.1106401886791,
            338.521484375
          ],
          [
            -84.67446729540825,
            48.11056307516992,
            339.0020751953125
          ],
          [
            -84.67406085692346,
            48.11047866940498,
            339.0020751953125
          ],
          [
            -84.67334873043,
            48.110337099060416,
            339.96337890625
          ],
          [
            -84.67290398664773,
            48.11025336384773,
            340.444091796875
          ],
          [
            -84.67198918573558,
            48.11026828363538,
            341.885986328125
          ],
          [
            -84.67142960987985,
            48.11043122783303,
            342.36669921875
          ],
          [
            -84.6704185847193,
            48.11071311123669,
            343.327880859375
          ],
          [
            -84.66921251267195,
            48.110985439270735,
            343.80859375
          ],
          [
            -84.66852989047766,
            48.111075880005956,
            343.327880859375
          ],
          [
            -84.66819914057851,
            48.11109406873584,
            343.80859375
          ],
          [
            -84.66730596497655,
            48.1110736168921,
            343.80859375
          ],
          [
            -84.66703036800027,
            48.11102977953851,
            343.80859375
          ],
          [
            -84.66634816490114,
            48.11084219254553,
            344.2894287109375
          ],
          [
            -84.66563067398965,
            48.11066810041666,
            343.327880859375
          ],
          [
            -84.6649114228785,
            48.11044078320265,
            344.2894287109375
          ],
          [
            -84.66465309262276,
            48.11038630083203,
            344.2894287109375
          ],
          [
            -84.66307427734137,
            48.110173400491476,
            345.2506103515625
          ],
          [
            -84.66142421588302,
            48.110125456005335,
            345.7313232421875
          ],
          [
            -84.6604928188026,
            48.11019251123071,
            346.2120361328125
          ],
          [
            -84.65931801125407,
            48.10953880660236,
            345.7313232421875
          ],
          [
            -84.65793156065047,
            48.10946856625378,
            345.7313232421875
          ],
          [
            -84.65685507282615,
            48.10997533611953,
            345.7313232421875
          ],
          [
            -84.65583524666727,
            48.11063339933753,
            346.2120361328125
          ],
          [
            -84.65544439852238,
            48.11087815091014,
            346.2120361328125
          ],
          [
            -84.65513435192406,
            48.111044531688094,
            346.2120361328125
          ],
          [
            -84.65404487214983,
            48.1117781996727,
            346.692626953125
          ],
          [
            -84.65317483060062,
            48.112676572054625,
            346.692626953125
          ],
          [
            -84.65195149183273,
            48.1132288556546,
            348.1346435546875
          ],
          [
            -84.65126140974462,
            48.11337813735008,
            349.0958251953125
          ],
          [
            -84.6501193754375,
            48.11390326358378,
            350.0572509765625
          ],
          [
            -84.64869872666895,
            48.11466568149626,
            351.0184326171875
          ],
          [
            -84.6478124242276,
            48.11487925238907,
            351.4991455078125
          ],
          [
            -84.64717439375818,
            48.11485812999308,
            351.9798583984375
          ],
          [
            -84.64694498106837,
            48.11483055353165,
            351.9798583984375
          ],
          [
            -84.6465412247926,
            48.11474572867155,
            352.4605712890625
          ],
          [
            -84.64547672308981,
            48.11425169929862,
            353.421875
          ],
          [
            -84.64417979121208,
            48.11356237158179,
            355.344482421875
          ],
          [
            -84.64406386949122,
            48.11351275071502,
            355.344482421875
          ],
          [
            -84.64370562694967,
            48.113400768488646,
            355.8251953125
          ],
          [
            -84.64321612380445,
            48.113298090174794,
            356.3057861328125
          ],
          [
            -84.64232688769698,
            48.11318258754909,
            356.786376953125
          ],
          [
            -84.6417574211955,
            48.11306197196245,
            357.26708984375
          ],
          [
            -84.64161082170904,
            48.11302525922656,
            356.786376953125
          ],
          [
            -84.64155675843358,
            48.113012770190835,
            356.3057861328125
          ],
          [
            -84.64151334017515,
            48.11298510991037,
            356.786376953125
          ],
          [
            -84.64106314815581,
            48.11262024566531,
            357.747802734375
          ],
          [
            -84.64072837494314,
            48.111947011202574,
            359.189697265625
          ],
          [
            -84.64072284288704,
            48.11135105788708,
            360.151123046875
          ],
          [
            -84.64075234718621,
            48.1110115069896,
            359.189697265625
          ],
          [
            -84.64080506935716,
            48.11047179624438,
            361.1124267578125
          ],
          [
            -84.64095259085298,
            48.11003325507045,
            361.5931396484375
          ],
          [
            -84.64097647927701,
            48.10998790897429,
            361.5931396484375
          ],
          [
            -84.64165139012039,
            48.10933671891689,
            363.0350341796875
          ],
          [
            -84.64224801398814,
            48.10888468287885,
            363.5157470703125
          ],
          [
            -84.64275939390063,
            48.10845008119941,
            363.996337890625
          ],
          [
            -84.64280180633068,
            48.10842024162412,
            364.4769287109375
          ],
          [
            -84.64330631308258,
            48.10775144957006,
            365.9189453125
          ],
          [
            -84.6440408192575,
            48.10652442276478,
            367.3609619140625
          ],
          [
            -84.64435463771224,
            48.10566452331841,
            368.802978515625
          ],
          [
            -84.64433812536299,
            48.10549939982593,
            369.28369140625
          ],
          [
            -84.64417358860373,
            48.1050711683929,
            369.7642822265625
          ],
          [
            -84.6432841848582,
            48.104254603385925,
            371.6868896484375
          ],
          [
            -84.6416728477925,
            48.10306713916361,
            374.090087890625
          ],
          [
            -84.64108703657985,
            48.10258065350354,
            374.57080078125
          ],
          [
            -84.64066919870675,
            48.10189166106284,
            375.5321044921875
          ],
          [
            -84.64067020453513,
            48.10163341462612,
            375.5321044921875
          ],
          [
            -84.64117898605764,
            48.1008143350482,
            376.4935302734375
          ],
          [
            -84.64161274954677,
            48.100140849128366,
            377.454833984375
          ],
          [
            -84.64156782254577,
            48.099838849157095,
            377.9354248046875
          ],
          [
            -84.6414643060416,
            48.09964304789901,
            378.4161376953125
          ],
          [
            -84.64148299768567,
            48.09895673766732,
            378.4161376953125
          ],
          [
            -84.64154024608433,
            48.09694189578295,
            376.4935302734375
          ],
          [
            -84.64140730910003,
            48.09661332517862,
            376.9742431640625
          ],
          [
            -84.64093180373311,
            48.09614544734359,
            376.9742431640625
          ],
          [
            -84.64015069417655,
            48.09579407796264,
            376.9742431640625
          ],
          [
            -84.63966244831681,
            48.095737248659134,
            377.454833984375
          ],
          [
            -84.63776788674295,
            48.09594067744911,
            376.9742431640625
          ],
          [
            -84.6374651324004,
            48.09599515981972,
            376.9742431640625
          ],
          [
            -84.63701644912362,
            48.09612466022372,
            376.4935302734375
          ],
          [
            -84.63658369146287,
            48.096201438456774,
            376.4935302734375
          ],
          [
            -84.6359970420599,
            48.09625986032188,
            376.9742431640625
          ],
          [
            -84.63457354344428,
            48.09642154723406,
            376.9742431640625
          ],
          [
            -84.63447882793844,
            48.09643034823239,
            376.9742431640625
          ],
          [
            -84.6336277294904,
            48.096528332680464,
            376.9742431640625
          ],
          [
            -84.63328122161329,
            48.096591448411345,
            377.454833984375
          ],
          [
            -84.63298802264035,
            48.096603685989976,
            377.454833984375
          ],
          [
            -84.632598599419,
            48.09676277451217,
            377.454833984375
          ],
          [
            -84.63232736103237,
            48.09685003012419,
            377.454833984375
          ],
          [
            -84.63128398172557,
            48.09751857072115,
            378.4161376953125
          ],
          [
            -84.63115883991122,
            48.0976437125355,
            378.4161376953125
          ],
          [
            -84.63090805336833,
            48.09792039915919,
            377.9354248046875
          ],
          [
            -84.63012493215501,
            48.09889764524996,
            377.454833984375
          ],
          [
            -84.62912689894438,
            48.100127186626196,
            376.9742431640625
          ],
          [
            -84.62896621786058,
            48.10030572116375,
            376.0128173828125
          ],
          [
            -84.62837688624859,
            48.100914750248194,
            375.5321044921875
          ],
          [
            -84.62717693299055,
            48.10168596915901,
            374.57080078125
          ],
          [
            -84.62581235915422,
            48.1023530010134,
            374.090087890625
          ],
          [
            -84.62509101256728,
            48.102922802791,
            373.6094970703125
          ],
          [
            -84.62447217665613,
            48.10402368195355,
            371.6868896484375
          ],
          [
            -84.6239350643009,
            48.10482356697321,
            370.7255859375
          ],
          [
            -84.62374211288989,
            48.10500495135784,
            370.7255859375
          ],
          [
            -84.62337750010192,
            48.105268981307745,
            371.206298828125
          ],
          [
            -84.62197051383555,
            48.10594749636948,
            369.7642822265625
          ],
          [
            -84.62036437354982,
            48.1065112631768,
            368.802978515625
          ],
          [
            -84.62013462558389,
            48.10655233450234,
            368.802978515625
          ],
          [
            -84.61822967045009,
            48.10702876187861,
            367.841552734375
          ],
          [
            -84.61798483505845,
            48.107093973085284,
            367.3609619140625
          ],
          [
            -84.61625103838742,
            48.10722523368895,
            366.3995361328125
          ],
          [
            -84.61467280983925,
            48.10717645101249,
            366.3995361328125
          ],
          [
            -84.61353320628405,
            48.107151724398136,
            366.3995361328125
          ],
          [
            -84.61126481182873,
            48.10713931918144,
            366.3995361328125
          ],
          [
            -84.60911904461682,
            48.107066145166755,
            365.9189453125
          ],
          [
            -84.60676339454949,
            48.107088692486286,
            364.9576416015625
          ],
          [
            -84.60606534965336,
            48.107087099924684,
            363.5157470703125
          ],
          [
            -84.6056214440614,
            48.10706824064255,
            365.9189453125
          ],
          [
            -84.60527686402202,
            48.1069999281317,
            365.4383544921875
          ],
          [
            -84.60519472137094,
            48.106982577592134,
            364.4769287109375
          ],
          [
            -84.60529002361,
            48.10690697282553,
            363.5157470703125
          ],
          [
            -84.60544114932418,
            48.10679473914206,
            359.189697265625
          ],
          [
            -84.60541348904371,
            48.106821812689304,
            359.67041015625
          ],
          [
            -84.60535380989313,
            48.106833631172776,
            359.67041015625
          ],
          [
            -84.60526429116726,
            48.106818376109004,
            359.189697265625
          ],
          [
            -84.6052588429302,
            48.10681276023388,
            361.1124267578125
          ],
          [
            -84.60525188595057,
            48.106830110773444,
            360.6317138671875
          ],
          [
            -84.6052432525903,
            48.10684000141919,
            358.708984375
          ],
          [
            -84.6052432525903,
            48.10684000141919,
            363.5157470703125
          ],
          [
            -84.60524342022836,
            48.10684008523822,
            361.1124267578125
          ],
          [
            -84.60524258203804,
            48.10684008523822,
            352.4605712890625
          ],
          [
            -84.60521659813821,
            48.10684318654239,
            373.12890625
          ],
          [
            -84.60521986708045,
            48.1068463716656,
            362.5543212890625
          ],
          [
            -84.6052015107125,
            48.10685047879815,
            360.6317138671875
          ],
          [
            -84.6052276622504,
            48.106885850429535,
            357.747802734375
          ],
          [
            -84.60523964837193,
            48.10688819736242,
            360.151123046875
          ],
          [
            -84.60520184598863,
            48.106895657256246,
            359.67041015625
          ],
          [
            -84.60530184209347,
            48.10688895173371,
            359.67041015625
          ],
          [
            -84.6053761895746,
            48.10686992481351,
            360.151123046875
          ],
          [
            -84.60541315376759,
            48.106863386929035,
            360.151123046875
          ],
          [
            -84.60546210408211,
            48.10687243938446,
            360.151123046875
          ],
          [
            -84.60554391145706,
            48.10686623677611,
            360.151123046875
          ],
          [
            -84.60554458200932,
            48.106870176270604,
            357.747802734375
          ],
          [
            -84.60567567497492,
            48.106902949512005,
            357.747802734375
          ],
          [
            -84.60639609955251,
            48.10691577382386,
            358.2283935546875
          ],
          [
            -84.60801254957914,
            48.106993306428194,
            361.1124267578125
          ],
          [
            -84.60811581462622,
            48.10699959285557,
            361.1124267578125
          ],
          [
            -84.60933630354702,
            48.10703312046826,
            360.6317138671875
          ],
          [
            -84.61043885909021,
            48.1070118304342,
            359.189697265625
          ]
        ]
      },
      "properties": {
        "feature_type": "track",
        "name": "ACTIVE LOG 063 004",
        "desc": "",
        "segment": 0,
        "point_count": 333
      }
    },
    {
      "type": "Feature",
      "geometry": {
        "type": "LineString",
        "coordinates": [
          [
            -84.8058202676475,
            48.079082909971476,
            326.985595703125
          ],
          [
            -84.80573292821646,
            48.07906941510737,
            326.5048828125
          ],
          [
            -84.80538927018642,
            48.07912414893508,
            326.024169921875
          ],
          [
            -84.80420432053506,
            48.07933344505727,
            326.024169921875
          ],
          [
            -84.80392914265394,
            48.07933612726629,
            326.024169921875
          ],
          [
            -84.8030698299408,
            48.07938809506595,
            321.6983642578125
          ],
          [
            -84.80270924046636,
            48.07949395850301,
            318.3336181640625
          ],
          [
            -84.80247052386403,
            48.07958037592471,
            318.3336181640625
          ],
          [
            -84.80211714282632,
            48.079825127497315,
            321.2177734375
          ],
          [
            -84.8018932621926,
            48.07997080497444,
            322.178955078125
          ],
          [
            -84.80145782232285,
            48.080199882388115,
            322.178955078125
          ],
          [
            -84.80128708295524,
            48.08026283048093,
            321.6983642578125
          ],
          [
            -84.80070269666612,
            48.080427115783095,
            316.8917236328125
          ],
          [
            -84.80054905638099,
            48.0804839450866,
            316.4110107421875
          ],
          [
            -84.80023364536464,
            48.08039425872266,
            316.4110107421875
          ],
          [
            -84.79987422935665,
            48.08012226596475,
            318.3336181640625
          ],
          [
            -84.79913687333465,
            48.079663356766105,
            320.737060546875
          ],
          [
            -84.79875457473099,
            48.079527989029884,
            321.2177734375
          ],
          [
            -84.7982122655958,
            48.079519188031554,
            323.140380859375
          ],
          [
            -84.79801520705223,
            48.079559253528714,
            324.1015625
          ],
          [
            -84.79725270532072,
            48.079817248508334,
            323.140380859375
          ],
          [
            -84.79664971120656,
            48.079900816082954,
            326.5048828125
          ],
          [
            -84.79633119888604,
            48.08010441251099,
            328.4276123046875
          ],
          [
            -84.79624486528337,
            48.080237936228514,
            325.5435791015625
          ],
          [
            -84.79616599157453,
            48.08034002780914,
            323.6209716796875
          ],
          [
            -84.7961072344333,
            48.080499870702624,
            320.25634765625
          ],
          [
            -84.79607345536351,
            48.080638255923986,
            316.8917236328125
          ],
          [
            -84.7960845194757,
            48.08071847073734,
            314.9691162109375
          ],
          [
            -84.79603766463697,
            48.08094930835068,
            312.5657958984375
          ],
          [
            -84.79600246064365,
            48.08118651621044,
            311.123779296875
          ],
          [
            -84.79599240235984,
            48.08119984343648,
            310.64306640625
          ],
          [
            -84.79593817144632,
            48.08126002550125,
            310.1624755859375
          ],
          [
            -84.79590447619557,
            48.08132783509791,
            311.123779296875
          ],
          [
            -84.79576298967004,
            48.08141341432929,
            314.4884033203125
          ]
        ]
      },
      "properties": {
        "feature_type": "track",
        "name": "Brauer Cabin Drive",
        "desc": "",
        "segment": 0,
        "point_count": 34
      }
    },
    {
      "type": "Feature",
      "geometry": {
        "type": "LineString",
        "coordinates": [
          [
            -84.7951555531472,
            48.08160259388387,
            325.5435791015625
          ],
          [
            -84.79507617652416,
            48.081444930285215,
            324.1015625
          ],
          [
            -84.79507617652416,
            48.08150393888354,
            320.737060546875
          ],
          [
            -84.79507366195321,
            48.08155666105449,
            304.875244140625
          ],
          [
            -84.79507877491415,
            48.081557247787714,
            304.875244140625
          ],
          [
            -84.79503837414086,
            48.08162748813629,
            304.875244140625
          ],
          [
            -84.79495924897492,
            48.08168213814497,
            307.75927734375
          ],
          [
            -84.79489412158728,
            48.081775261089206,
            309.681884765625
          ],
          [
            -84.79482555761933,
            48.0817583296448,
            309.681884765625
          ],
          [
            -84.79453411884606,
            48.081868048757315,
            310.1624755859375
          ],
          [
            -84.79448022320867,
            48.081944743171334,
            310.1624755859375
          ],
          [
            -84.79444828815758,
            48.082231571897864,
            310.1624755859375
          ],
          [
            -84.7941571008414,
            48.0826027225703,
            310.1624755859375
          ],
          [
            -84.79375921189785,
            48.08311535976827,
            310.1624755859375
          ],
          [
            -84.79387328960001,
            48.08327059261501,
            310.1624755859375
          ],
          [
            -84.79443546384573,
            48.08339129202068,
            310.1624755859375
          ],
          [
            -84.79505052790046,
            48.08356421068311,
            309.681884765625
          ],
          [
            -84.79576022364199,
            48.083516182377934,
            310.1624755859375
          ],
          [
            -84.79612114839256,
            48.083661273121834,
            310.64306640625
          ],
          [
            -84.79666471481323,
            48.08377753011882,
            309.201171875
          ],
          [
            -84.79697685688734,
            48.083888087421656,
            311.123779296875
          ],
          [
            -84.79744641110301,
            48.083879202604294,
            309.681884765625
          ],
          [
            -84.79810975492,
            48.083866043016315,
            309.681884765625
          ],
          [
            -84.7982429433614,
            48.084037620574236,
            310.64306640625
          ],
          [
            -84.79801252484322,
            48.084052791818976,
            310.1624755859375
          ],
          [
            -84.79802853427827,
            48.08408472687006,
            310.1624755859375
          ],
          [
            -84.79795611463487,
            48.084164606407285,
            310.1624755859375
          ],
          [
            -84.7979704476893,
            48.08408145792782,
            310.1624755859375
          ],
          [
            -84.79800439439714,
            48.08406259864569,
            310.1624755859375
          ],
          [
            -84.79810028336942,
            48.08406041935086,
            309.681884765625
          ],
          [
            -84.79870243929327,
            48.0842433962971,
            309.201171875
          ],
          [
            -84.79906118474901,
            48.08440332300961,
            308.720458984375
          ],
          [
            -84.79983810335398,
            48.08468269184232,
            308.720458984375
          ],
          [
            -84.80058141052723,
            48.08511394076049,
            309.201171875
          ],
          [
            -84.80131910182536,
            48.085422394797206,
            308.720458984375
          ],
          [
            -84.80221420526505,
            48.08582128956914,
            309.201171875
          ],
          [
            -84.80289498344064,
            48.08608657680452,
            309.681884765625
          ],
          [
            -84.80327225290239,
            48.086080541834235,
            308.720458984375
          ],
          [
            -84.80329915881157,
            48.0863241199404,
            309.201171875
          ],
          [
            -84.80323931202292,
            48.086618576198816,
            309.201171875
          ],
          [
            -84.80332564562559,
            48.08695427142084,
            309.201171875
          ],
          [
            -84.80332849547267,
            48.086995175108314,
            309.681884765625
          ],
          [
            -84.80335682630539,
            48.087295247241855,
            310.1624755859375
          ],
          [
            -84.80315457098186,
            48.087574783712626,
            310.1624755859375
          ],
          [
            -84.80273488909006,
            48.08786001987755,
            310.64306640625
          ],
          [
            -84.80253347195685,
            48.087895559147,
            310.1624755859375
          ],
          [
            -84.80269515886903,
            48.088083900511265,
            310.1624755859375
          ],
          [
            -84.80265324935317,
            48.088306775316596,
            310.1624755859375
          ],
          [
            -84.80270907282829,
            48.088599890470505,
            310.64306640625
          ],
          [
            -84.80269649997354,
            48.08889585547149,
            310.1624755859375
          ],
          [
            -84.80264587327838,
            48.089237501844764,
            310.1624755859375
          ],
          [
            -84.80252307839692,
            48.08959046378732,
            310.64306640625
          ],
          [
            -84.80195914395154,
            48.089792216196656,
            310.1624755859375
          ],
          [
            -84.80133284814656,
            48.090005703270435,
            310.64306640625
          ],
          [
            -84.80093898251653,
            48.09008575044572,
            310.1624755859375
          ],
          [
            -84.80090118013322,
            48.08974242769182,
            310.1624755859375
          ],
          [
            -84.80058987624943,
            48.08931394480169,
            310.1624755859375
          ],
          [
            -84.80038686655462,
            48.088802648708224,
            310.1624755859375
          ],
          [
            -84.80011948384345,
            48.0880890134722,
            310.1624755859375
          ],
          [
            -84.7999526001513,
            48.08770302683115,
            310.1624755859375
          ],
          [
            -84.79983466677368,
            48.087198520079255,
            309.681884765625
          ],
          [
            -84.79955496266484,
            48.08654456399381,
            310.1624755859375
          ],
          [
            -84.79920770041645,
            48.085933020338416,
            309.681884765625
          ],
          [
            -84.79911440983415,
            48.0852310359478,
            310.1624755859375
          ],
          [
            -84.79895540513098,
            48.08462762273848,
            310.64306640625
          ],
          [
            -84.7985952347517,
            48.08440340682864,
            310.64306640625
          ],
          [
            -84.79828426614404,
            48.0839635245502,
            311.123779296875
          ],
          [
            -84.79765201918781,
            48.08378079906106,
            310.1624755859375
          ],
          [
            -84.79755093343556,
            48.08377945795655,
            309.681884765625
          ],
          [
            -84.79712613858283,
            48.083883645012975,
            309.681884765625
          ],
          [
            -84.79646329768002,
            48.0838424898684,
            310.1624755859375
          ]
        ]
      },
      "properties": {
        "feature_type": "track",
        "name": "Catfish Lake",
        "desc": "",
        "segment": 0,
        "point_count": 71
      }
    },
    {
      "type": "Feature",
      "geometry": {
        "type": "LineString",
        "coordinates": [
          [
            -84.79675540700555,
            48.08248311281204,
            312.085205078125
          ],
          [
            -84.7962983418256,
            48.082804307341576,
            310.1624755859375
          ],
          [
            -84.79611603543162,
            48.08285225182772,
            310.1624755859375
          ],
          [
            -84.7958857845515,
            48.08295828290284,
            310.1624755859375
          ],
          [
            -84.79581026360393,
            48.08307437226176,
            310.1624755859375
          ],
          [
            -84.79591545648873,
            48.08323656208813,
            309.681884765625
          ],
          [
            -84.7961738705635,
            48.083427837118506,
            307.75927734375
          ],
          [
            -84.79628006927669,
            48.08347100391984,
            307.278564453125
          ],
          [
            -84.79658483527601,
            48.083201022818685,
            308.2398681640625
          ],
          [
            -84.79654644615948,
            48.08312952518463,
            309.201171875
          ],
          [
            -84.79648123495281,
            48.083036905154586,
            309.681884765625
          ],
          [
            -84.79657745920122,
            48.08274035342038,
            310.64306640625
          ],
          [
            -84.79687468148768,
            48.08245897293091,
            312.085205078125
          ],
          [
            -84.79705397039652,
            48.08218899182975,
            313.0465087890625
          ],
          [
            -84.79724038392305,
            48.082034178078175,
            313.5272216796875
          ],
          [
            -84.79751673527062,
            48.08186293579638,
            314.0078125
          ],
          [
            -84.7987215500325,
            48.081351555883884,
            314.4884033203125
          ],
          [
            -84.79922697879374,
            48.08111183345318,
            314.4884033203125
          ],
          [
            -84.8000147100538,
            48.08060263283551,
            316.4110107421875
          ]
        ]
      },
      "properties": {
        "feature_type": "track",
        "name": "Catfish Landing Rd",
        "desc": "",
        "segment": 0,
        "point_count": 19
      }
    },
    {
      "type": "Feature",
      "geometry": {
        "type": "LineString",
        "coordinates": [
          [
            -84.79637000709772,
            48.07992713525891,
            323.140380859375
          ],
          [
            -84.79634184390306,
            48.079952113330364,
            323.6209716796875
          ],
          [
            -84.79590447619557,
            48.07990659959614,
            321.6983642578125
          ],
          [
            -84.79584052227437,
            48.07989712804556,
            321.2177734375
          ],
          [
            -84.79578612372279,
            48.07990928180516,
            320.737060546875
          ],
          [
            -84.79565503075719,
            48.07993032038212,
            319.775634765625
          ],
          [
            -84.79561345651746,
            48.07994649745524,
            319.2950439453125
          ],
          [
            -84.79555377736688,
            48.07997046969831,
            318.8143310546875
          ]
        ]
      },
      "properties": {
        "feature_type": "track",
        "name": "Doug's Driveway",
        "desc": "",
        "segment": 0,
        "point_count": 8
      }
    },
    {
      "type": "Feature",
      "geometry": {
        "type": "LineString",
        "coordinates": [
          [
            -84.64896460063756,
            48.03081010468304,
            325.06298828125
          ],
          [
            -84.64892394840717,
            48.03074489347637,
            324.1015625
          ],
          [
            -84.64894104748964,
            48.030472565442324,
            324.582275390625
          ],
          [
            -84.64897113852203,
            48.030258575454354,
            324.582275390625
          ],
          [
            -84.6489118784666,
            48.029970740899444,
            325.06298828125
          ],
          [
            -84.64883342385292,
            48.0296637956053,
            325.06298828125
          ],
          [
            -84.64873828925192,
            48.029377134516835,
            325.5435791015625
          ],
          [
            -84.64872756041586,
            48.02922843955457,
            325.5435791015625
          ],
          [
            -84.64849353767931,
            48.02880414761603,
            325.5435791015625
          ],
          [
            -84.64830972254276,
            48.02808841690421,
            325.5435791015625
          ],
          [
            -84.64826328679919,
            48.02794860675931,
            326.024169921875
          ],
          [
            -84.64802674949169,
            48.027370339259505,
            325.5435791015625
          ],
          [
            -84.64778040535748,
            48.02679542452097,
            325.06298828125
          ],
          [
            -84.64773690328002,
            48.0265848711133,
            325.06298828125
          ],
          [
            -84.6476705186069,
            48.02605136297643,
            325.5435791015625
          ],
          [
            -84.6474527567625,
            48.02564173936844,
            324.582275390625
          ],
          [
            -84.64722619391978,
            48.025299003347754,
            326.024169921875
          ],
          [
            -84.64691421948373,
            48.02475107833743,
            325.06298828125
          ],
          [
            -84.64673593640327,
            48.024345226585865,
            325.06298828125
          ],
          [
            -84.64653510600328,
            48.02389545366168,
            325.06298828125
          ],
          [
            -84.64649386703968,
            48.023846838623285,
            325.06298828125
          ],
          [
            -84.64633787982166,
            48.02361935377121,
            325.06298828125
          ],
          [
            -84.64619371108711,
            48.02332087419927,
            324.582275390625
          ],
          [
            -84.64605725370347,
            48.0229324568063,
            325.06298828125
          ],
          [
            -84.64605105109513,
            48.02268426865339,
            324.1015625
          ],
          [
            -84.64604116044939,
            48.0225198995322,
            323.140380859375
          ],
          [
            -84.64581149630249,
            48.02218428812921,
            321.6983642578125
          ],
          [
            -84.64579900726676,
            48.022155622020364,
            322.178955078125
          ],
          [
            -84.64586547575891,
            48.02203089930117,
            322.178955078125
          ],
          [
            -84.64603965170681,
            48.02162823267281,
            322.178955078125
          ],
          [
            -84.64607334695756,
            48.02120955660939,
            322.65966796875
          ],
          [
            -84.64603889733553,
            48.02071603015065,
            323.140380859375
          ],
          [
            -84.64632354676723,
            48.0204442050308,
            325.5435791015625
          ],
          [
            -84.64667801745236,
            48.02014312706888,
            327.94677734375
          ],
          [
            -84.64670584537089,
            48.01973283290863,
            325.06298828125
          ],
          [
            -84.64647525921464,
            48.01955153234303,
            324.1015625
          ],
          [
            -84.64638255536556,
            48.019274678081274,
            323.140380859375
          ],
          [
            -84.6467172447592,
            48.018666906282306,
            323.6209716796875
          ],
          [
            -84.6467946935445,
            48.01851812750101,
            323.6209716796875
          ],
          [
            -84.64697448536754,
            48.01811244338751,
            326.985595703125
          ],
          [
            -84.64719786308706,
            48.01756854169071,
            328.4276123046875
          ],
          [
            -84.64726081117988,
            48.01740601658821,
            326.985595703125
          ],
          [
            -84.64734982699156,
            48.01726369187236,
            325.5435791015625
          ],
          [
            -84.6475323010236,
            48.01710049621761,
            325.06298828125
          ],
          [
            -84.64776364155114,
            48.016801262274384,
            325.5435791015625
          ],
          [
            -84.64856704697013,
            48.015976902097464,
            325.06298828125
          ],
          [
            -84.64859579689801,
            48.015694012865424,
            326.985595703125
          ],
          [
            -84.648521784693,
            48.01558957435191,
            327.94677734375
          ],
          [
            -84.64843260124326,
            48.01548748277128,
            328.4276123046875
          ],
          [
            -84.6484076231718,
            48.015401316806674,
            328.4276123046875
          ],
          [
            -84.64835071004927,
            48.01520031876862,
            327.4661865234375
          ],
          [
            -84.64831575751305,
            48.0146764498204,
            326.024169921875
          ],
          [
            -84.64830779470503,
            48.01448341459036,
            324.582275390625
          ],
          [
            -84.64845875278115,
            48.01393339410424,
            323.6209716796875
          ],
          [
            -84.64841013774276,
            48.01360390149057,
            324.1015625
          ],
          [
            -84.64835640974343,
            48.01347406581044,
            324.1015625
          ],
          [
            -84.64828005060554,
            48.013302739709616,
            322.65966796875
          ],
          [
            -84.64825658127666,
            48.01323853433132,
            322.65966796875
          ],
          [
            -84.64817544445395,
            48.01272623240948,
            322.65966796875
          ],
          [
            -84.64815683662891,
            48.012385591864586,
            322.178955078125
          ],
          [
            -84.64809196069837,
            48.01203212700784,
            322.65966796875
          ],
          [
            -84.64801794849336,
            48.01158981397748,
            322.65966796875
          ],
          [
            -84.64824224822223,
            48.01123023033142,
            323.6209716796875
          ],
          [
            -84.64866352267563,
            48.01093501970172,
            326.5048828125
          ],
          [
            -84.64891271665692,
            48.01073955371976,
            327.4661865234375
          ],
          [
            -84.6493006311357,
            48.01024024374783,
            327.4661865234375
          ],
          [
            -84.649348994717,
            48.01014779135585,
            327.4661865234375
          ],
          [
            -84.64961579069495,
            48.00966155715287,
            326.5048828125
          ],
          [
            -84.64970857836306,
            48.009579414501786,
            326.985595703125
          ],
          [
            -84.6499240770936,
            48.00925629213452,
            327.4661865234375
          ],
          [
            -84.65007017366588,
            48.008636366575956,
            328.4276123046875
          ],
          [
            -84.65024367906153,
            48.00816094502807,
            329.388916015625
          ],
          [
            -84.65028014034033,
            48.00724195316434,
            329.388916015625
          ],
          [
            -84.65023077093065,
            48.006669050082564,
            329.388916015625
          ],
          [
            -84.65038969181478,
            48.00558552145958,
            328.9083251953125
          ],
          [
            -84.65042741037905,
            48.005516370758414,
            329.388916015625
          ],
          [
            -84.65038449503481,
            48.00540606491268,
            329.388916015625
          ],
          [
            -84.64998157694936,
            48.00484330393374,
            327.94677734375
          ],
          [
            -84.64969038963318,
            48.00433410331607,
            326.5048828125
          ],
          [
            -84.64950389228761,
            48.00423603504896,
            326.5048828125
          ],
          [
            -84.64945376850665,
            48.00421943888068,
            326.5048828125
          ],
          [
            -84.6490075159818,
            48.004087172448635,
            326.985595703125
          ],
          [
            -84.64834903366864,
            48.00405230373144,
            326.5048828125
          ],
          [
            -84.64814761653543,
            48.004100415855646,
            326.5048828125
          ],
          [
            -84.64811702258885,
            48.00410024821758,
            328.4276123046875
          ],
          [
            -84.64814116246998,
            48.00412028096616,
            328.9083251953125
          ],
          [
            -84.64810092933476,
            48.004194209352136,
            328.9083251953125
          ],
          [
            -84.64807000011206,
            48.004211308434606,
            328.9083251953125
          ],
          [
            -84.64811442419887,
            48.00419840030372,
            328.4276123046875
          ],
          [
            -84.6481367200613,
            48.00414324738085,
            327.94677734375
          ],
          [
            -84.64825440198183,
            48.004102846607566,
            329.388916015625
          ],
          [
            -84.64825985021889,
            48.00406454131007,
            328.9083251953125
          ],
          [
            -84.64816655963659,
            48.004076946526766,
            328.4276123046875
          ],
          [
            -84.64805021882057,
            48.0040545668453,
            328.9083251953125
          ],
          [
            -84.6480537392199,
            48.00408122129738,
            329.388916015625
          ],
          [
            -84.64802758768201,
            48.00411525182426,
            328.9083251953125
          ],
          [
            -84.64802498929203,
            48.00410158932209,
            328.9083251953125
          ],
          [
            -84.64801870286465,
            48.00408415496349,
            326.024169921875
          ],
          [
            -84.64801543392241,
            48.00408675335348,
            326.985595703125
          ],
          [
            -84.64800847694278,
            48.00408591516316,
            329.388916015625
          ],
          [
            -84.64810855686665,
            48.004034450277686,
            328.4276123046875
          ],
          [
            -84.6481401566416,
            48.004023134708405,
            325.5435791015625
          ],
          [
            -84.6481813956052,
            48.0040302593261,
            326.024169921875
          ],
          [
            -84.64830645360053,
            48.00403327681124,
            326.024169921875
          ],
          [
            -84.64867324568331,
            48.00399656407535,
            326.5048828125
          ],
          [
            -84.64884373359382,
            48.00400578416884,
            326.5048828125
          ],
          [
            -84.64924237690866,
            48.004090609028935,
            326.024169921875
          ],
          [
            -84.64955418370664,
            48.00426905974746,
            326.024169921875
          ],
          [
            -84.6497549302876,
            48.00443175248802,
            325.5435791015625
          ],
          [
            -84.64983321726322,
            48.00449897535145,
            326.5048828125
          ],
          [
            -84.6502435952425,
            48.00486710853875,
            328.9083251953125
          ],
          [
            -84.65040075592697,
            48.00510389730334,
            329.388916015625
          ],
          [
            -84.65062974952161,
            48.00523356534541,
            326.024169921875
          ],
          [
            -84.65067878365517,
            48.00522652454674,
            331.7921142578125
          ],
          [
            -84.65087533928454,
            48.00513558089733,
            329.388916015625
          ],
          [
            -84.65115135535598,
            48.00502854399383,
            329.388916015625
          ],
          [
            -84.6514096017927,
            48.00493961200118,
            329.388916015625
          ],
          [
            -84.6524004265666,
            48.00468907691538,
            330.3502197265625
          ],
          [
            -84.65323727577925,
            48.00438825041056,
            329.8695068359375
          ],
          [
            -84.65387899428606,
            48.00422773696482,
            329.388916015625
          ],
          [
            -84.65429540723562,
            48.00406345166266,
            329.388916015625
          ],
          [
            -84.65512773022056,
            48.00375164486468,
            328.9083251953125
          ],
          [
            -84.65528002940118,
            48.003697246313095,
            328.9083251953125
          ],
          [
            -84.65551748871803,
            48.00363429822028,
            328.9083251953125
          ],
          [
            -84.65635098516941,
            48.00322635099292,
            328.4276123046875
          ],
          [
            -84.65646078810096,
            48.00312819890678,
            326.985595703125
          ],
          [
            -84.65663840062916,
            48.003071788698435,
            327.94677734375
          ],
          [
            -84.65710745193064,
            48.002884620800614,
            327.94677734375
          ],
          [
            -84.65746737085283,
            48.002465358003974,
            327.94677734375
          ],
          [
            -84.65762168169022,
            48.00217836163938,
            327.94677734375
          ],
          [
            -84.65771052986383,
            48.00198591314256,
            327.4661865234375
          ],
          [
            -84.6583304554224,
            48.00165197812021,
            327.94677734375
          ],
          [
            -84.658826244995,
            48.00153438001871,
            327.4661865234375
          ],
          [
            -84.65929596684873,
            48.00136037170887,
            326.985595703125
          ],
          [
            -84.65972193516791,
            48.00116976723075,
            326.5048828125
          ],
          [
            -84.65992343612015,
            48.00111226737499,
            326.024169921875
          ],
          [
            -84.66037253849208,
            48.00090724602342,
            326.024169921875
          ],
          [
            -84.660570519045,
            48.00070549361408,
            325.5435791015625
          ],
          [
            -84.66076036915183,
            48.000441044569016,
            326.024169921875
          ],
          [
            -84.66095181182027,
            47.99978516064584,
            326.024169921875
          ],
          [
            -84.6609257441014,
            47.99931745044887,
            326.024169921875
          ],
          [
            -84.66070462949574,
            47.998879328370094,
            325.5435791015625
          ],
          [
            -84.66036633588374,
            47.998393177986145,
            325.5435791015625
          ],
          [
            -84.66007238253951,
            47.99802311696112,
            325.5435791015625
          ],
          [
            -84.65970357879996,
            47.99767225049436,
            326.024169921875
          ],
          [
            -84.65952068567276,
            47.997432528063655,
            326.985595703125
          ],
          [
            -84.65942949056625,
            47.99720621667802,
            326.985595703125
          ],
          [
            -84.65967834927142,
            47.99608597531915,
            327.4661865234375
          ],
          [
            -84.65970106422901,
            47.99599268473685,
            326.985595703125
          ],
          [
            -84.65961649082601,
            47.99566780216992,
            326.024169921875
          ],
          [
            -84.65948388911784,
            47.99545414745808,
            325.5435791015625
          ],
          [
            -84.65939839370549,
            47.9952147603035,
            324.582275390625
          ],
          [
            -84.65935355052352,
            47.995058353990316,
            323.6209716796875
          ],
          [
            -84.65916722081602,
            47.994648311287165,
            324.1015625
          ],
          [
            -84.65905305929482,
            47.994503723457456,
            325.06298828125
          ],
          [
            -84.65872968547046,
            47.994041964411736,
            325.06298828125
          ],
          [
            -84.65857084840536,
            47.99391279928386,
            324.582275390625
          ],
          [
            -84.65814932249486,
            47.99346596002579,
            325.5435791015625
          ],
          [
            -84.65805863030255,
            47.99334132112563,
            326.024169921875
          ],
          [
            -84.65786006301641,
            47.99268753267825,
            326.024169921875
          ],
          [
            -84.65786844491959,
            47.99203190021217,
            326.024169921875
          ],
          [
            -84.65785117819905,
            47.991849007084966,
            326.024169921875
          ],
          [
            -84.6577246952802,
            47.991650607436895,
            325.5435791015625
          ],
          [
            -84.65743920765817,
            47.99146092496812,
            326.024169921875
          ],
          [
            -84.65728749521077,
            47.99126537516713,
            326.024169921875
          ],
          [
            -84.65716788545251,
            47.991014420986176,
            326.024169921875
          ],
          [
            -84.65707358904183,
            47.99092431552708,
            326.024169921875
          ],
          [
            -84.6568129118532,
            47.990747625008225,
            326.5048828125
          ],
          [
            -84.65649775229394,
            47.99064813181758,
            326.024169921875
          ],
          [
            -84.65590104460716,
            47.99046599306166,
            325.06298828125
          ],
          [
            -84.65536116622388,
            47.98990138806403,
            325.5435791015625
          ],
          [
            -84.65527944266796,
            47.98953124321997,
            325.5435791015625
          ],
          [
            -84.65543928556144,
            47.98875507898629,
            325.5435791015625
          ],
          [
            -84.65546283870935,
            47.98867712728679,
            325.5435791015625
          ],
          [
            -84.65537717565894,
            47.98791445791721,
            322.178955078125
          ],
          [
            -84.65538924559951,
            47.98767129890621,
            321.6983642578125
          ],
          [
            -84.65550458058715,
            47.98742822371423,
            321.6983642578125
          ],
          [
            -84.65578931383789,
            47.98714759759605,
            320.737060546875
          ],
          [
            -84.65607698075473,
            47.987003177404404,
            320.737060546875
          ],
          [
            -84.65728984214365,
            47.98632030375302,
            319.775634765625
          ],
          [
            -84.65753090567887,
            47.986202370375395,
            319.2950439453125
          ],
          [
            -84.65784832835197,
            47.98612433485687,
            319.775634765625
          ],
          [
            -84.65847663581371,
            47.98614294268191,
            321.6983642578125
          ],
          [
            -84.65891366824508,
            47.986279567703605,
            321.6983642578125
          ],
          [
            -84.65976887382567,
            47.98655214719474,
            323.6209716796875
          ],
          [
            -84.66116110794246,
            47.986622555181384,
            323.6209716796875
          ],
          [
            -84.66232585720718,
            47.9865509737283,
            323.140380859375
          ],
          [
            -84.66285584494472,
            47.986624566838145,
            323.140380859375
          ],
          [
            -84.66344970278442,
            47.986585004255176,
            321.6983642578125
          ],
          [
            -84.66374608688056,
            47.98652767203748,
            320.737060546875
          ],
          [
            -84.66474277898669,
            47.98622952774167,
            322.178955078125
          ],
          [
            -84.66481042094529,
            47.986210668459535,
            322.178955078125
          ],
          [
            -84.6650602016598,
            47.9861001111567,
            323.140380859375
          ],
          [
            -84.66586075723171,
            47.98588561825454,
            322.65966796875
          ],
          [
            -84.66666164807975,
            47.98568956553936,
            322.178955078125
          ],
          [
            -84.66675443574786,
            47.98566995188594,
            321.6983642578125
          ],
          [
            -84.66732960194349,
            47.985453279688954,
            321.2177734375
          ],
          [
            -84.66737436130643,
            47.9853957798332,
            321.2177734375
          ],
          [
            -84.66740763746202,
            47.985270554199815,
            318.3336181640625
          ],
          [
            -84.66747620142996,
            47.98523560166359,
            319.2950439453125
          ],
          [
            -84.66752079315484,
            47.98523719422519,
            319.2950439453125
          ],
          [
            -84.66761819086969,
            47.985249599441886,
            318.8143310546875
          ],
          [
            -84.6680371183902,
            47.985358983278275,
            315.930419921875
          ],
          [
            -84.66833224520087,
            47.985454285517335,
            315.930419921875
          ],
          [
            -84.66836133040488,
            47.98544263467193,
            317.85302734375
          ],
          [
            -84.66856526210904,
            47.98555796965957,
            318.3336181640625
          ],
          [
            -84.66868386603892,
            47.985590156167746,
            317.85302734375
          ],
          [
            -84.66870691627264,
            47.985611110925674,
            317.85302734375
          ]
        ]
      },
      "properties": {
        "feature_type": "track",
        "name": "Firesand Truck Trail 1",
        "desc": "",
        "segment": 0,
        "point_count": 208
      }
    },
    {
      "type": "Feature",
      "geometry": {
        "type": "LineString",
        "coordinates": [
          [
            -84.65890377759933,
            48.00146916881204,
            323.6209716796875
          ],
          [
            -84.65905096381903,
            48.001865800470114,
            323.140380859375
          ],
          [
            -84.6590611897409,
            48.00201742909849,
            323.140380859375
          ],
          [
            -84.65898558497429,
            48.002417497336864,
            323.140380859375
          ],
          [
            -84.65915380977094,
            48.00294924527407,
            323.6209716796875
          ],
          [
            -84.65946293435991,
            48.0033291131258,
            324.1015625
          ],
          [
            -84.65962646529078,
            48.003644440323114,
            324.1015625
          ],
          [
            -84.65963241644204,
            48.00375139340758,
            323.6209716796875
          ],
          [
            -84.6599328238517,
            48.00386371091008,
            323.6209716796875
          ],
          [
            -84.66036231257021,
            48.00393336452544,
            324.1015625
          ],
          [
            -84.66074134223163,
            48.0039922054857,
            323.6209716796875
          ],
          [
            -84.66086723841727,
            48.00405071116984,
            323.140380859375
          ],
          [
            -84.6610034443438,
            48.00411332398653,
            322.65966796875
          ],
          [
            -84.66100302524865,
            48.00410167314112,
            322.65966796875
          ],
          [
            -84.6610137540847,
            48.004110557958484,
            322.65966796875
          ],
          [
            -84.66100336052477,
            48.00410686992109,
            322.178955078125
          ],
          [
            -84.66101048514247,
            48.00410879775882,
            321.6983642578125
          ],
          [
            -84.660932617262,
            48.00408742390573,
            321.2177734375
          ],
          [
            -84.66080185957253,
            48.00408557988703,
            321.6983642578125
          ],
          [
            -84.66080051846802,
            48.004082730039954,
            321.6983642578125
          ],
          [
            -84.6607949025929,
            48.00405515357852,
            321.2177734375
          ],
          [
            -84.66079825535417,
            48.00401114858687,
            321.2177734375
          ],
          [
            -84.66087411157787,
            48.00403252243996,
            321.2177734375
          ],
          [
            -84.66085315681994,
            48.004021709784865,
            321.2177734375
          ],
          [
            -84.66076422482729,
            48.0040284153074,
            321.2177734375
          ],
          [
            -84.66046289540827,
            48.0038922931999,
            321.6983642578125
          ],
          [
            -84.66040656901896,
            48.0038817320019,
            321.6983642578125
          ],
          [
            -84.65965831652284,
            48.00384460017085,
            321.6983642578125
          ],
          [
            -84.65882674790919,
            48.00386211834848,
            322.65966796875
          ],
          [
            -84.65863086283207,
            48.00390721298754,
            322.65966796875
          ],
          [
            -84.65836683288217,
            48.00399111583829,
            322.178955078125
          ],
          [
            -84.65817086398602,
            48.00409471616149,
            322.65966796875
          ],
          [
            -84.65779309161007,
            48.004440469667315,
            322.65966796875
          ],
          [
            -84.6574152354151,
            48.004753701388836,
            321.2177734375
          ],
          [
            -84.65732823126018,
            48.00488127395511,
            320.737060546875
          ],
          [
            -84.65730585157871,
            48.00509643740952,
            320.737060546875
          ],
          [
            -84.65736469253898,
            48.005205569788814,
            320.737060546875
          ],
          [
            -84.65722287073731,
            48.0054325517267,
            321.2177734375
          ],
          [
            -84.65686563402414,
            48.005695240572095,
            321.6983642578125
          ],
          [
            -84.65684979222715,
            48.00603319890797,
            321.6983642578125
          ],
          [
            -84.6567246504128,
            48.00642932765186,
            321.2177734375
          ],
          [
            -84.6566746942699,
            48.006577771157026,
            320.25634765625
          ],
          [
            -84.65657670982182,
            48.00680860877037,
            320.737060546875
          ],
          [
            -84.65648434124887,
            48.007171880453825,
            321.2177734375
          ],
          [
            -84.65635081753135,
            48.00744873471558,
            321.6983642578125
          ],
          [
            -84.65634981170297,
            48.00744571723044,
            321.6983642578125
          ],
          [
            -84.65633095242083,
            48.00742970779538,
            321.6983642578125
          ],
          [
            -84.65632307343185,
            48.00743314437568,
            322.65966796875
          ],
          [
            -84.65617530047894,
            48.00773019902408,
            318.3336181640625
          ],
          [
            -84.65612056665123,
            48.00784729421139,
            318.8143310546875
          ],
          [
            -84.65609952807426,
            48.00791879184544,
            317.85302734375
          ],
          [
            -84.6559764817357,
            48.008138900622725,
            315.4498291015625
          ],
          [
            -84.65597111731768,
            48.00815868191421,
            315.4498291015625
          ],
          [
            -84.65573566965759,
            48.008649023249745,
            315.930419921875
          ],
          [
            -84.65574195608497,
            48.008896205574274,
            315.930419921875
          ],
          [
            -84.65576299466193,
            48.008940713480115,
            315.930419921875
          ],
          [
            -84.65574782341719,
            48.00895211286843,
            315.930419921875
          ],
          [
            -84.65565419755876,
            48.00899569876492,
            314.9691162109375
          ],
          [
            -84.65510434471071,
            48.0089760851115,
            315.4498291015625
          ],
          [
            -84.65445457957685,
            48.00900927744806,
            315.930419921875
          ],
          [
            -84.6533764153719,
            48.00897960551083,
            317.3724365234375
          ],
          [
            -84.65260645374656,
            48.008901653811336,
            317.3724365234375
          ],
          [
            -84.65233219787478,
            48.00888363271952,
            316.8917236328125
          ],
          [
            -84.65164630673826,
            48.00882965326309,
            315.930419921875
          ],
          [
            -84.65095672756433,
            48.0088553018868,
            315.4498291015625
          ],
          [
            -84.650406120345,
            48.00892738625407,
            315.930419921875
          ],
          [
            -84.64997579343617,
            48.009141124784946,
            315.4498291015625
          ],
          [
            -84.6499158628285,
            48.00917599350214,
            315.4498291015625
          ]
        ]
      },
      "properties": {
        "feature_type": "track",
        "name": "Firesand Truck Trail 2 (rough)",
        "desc": "",
        "segment": 0,
        "point_count": 68
      }
    },
    {
      "type": "Feature",
      "geometry": {
        "type": "LineString",
        "coordinates": [
          [
            -85.02329176291823,
            48.34915302693844,
            431.7691650390625
          ],
          [
            -85.02328924834728,
            48.349163085222244,
            431.7691650390625
          ],
          [
            -85.02304424531758,
            48.34923223592341,
            432.730712890625
          ],
          [
            -85.02271961420774,
            48.34932468831539,
            431.28857421875
          ],
          [
            -85.02262892201543,
            48.349308678880334,
            431.28857421875
          ],
          [
            -85.022416356951,
            48.349328795447946,
            430.8079833984375
          ],
          [
            -85.02225743606687,
            48.349394761025906,
            432.25
          ],
          [
            -85.022038416937,
            48.34948888979852,
            432.730712890625
          ],
          [
            -85.0218066573143,
            48.34958251565695,
            434.6533203125
          ],
          [
            -85.02184303477407,
            48.34974789060652,
            434.172607421875
          ],
          [
            -85.021618232131,
            48.34989147260785,
            433.69189453125
          ],
          [
            -85.02133525907993,
            48.35002860054374,
            434.172607421875
          ],
          [
            -85.02114029601216,
            48.35011342540383,
            434.172607421875
          ],
          [
            -85.0210005696863,
            48.35013915784657,
            434.6533203125
          ],
          [
            -85.02072933129966,
            48.35020571015775,
            434.6533203125
          ],
          [
            -85.02067501656711,
            48.3502740226686,
            435.1339111328125
          ],
          [
            -85.02066437155008,
            48.350341161713004,
            433.69189453125
          ],
          [
            -85.02055783756077,
            48.35040100850165,
            430.8079833984375
          ],
          [
            -85.02055725082755,
            48.350529335439205,
            430.8079833984375
          ],
          [
            -85.02060796134174,
            48.35064944811165,
            430.3272705078125
          ],
          [
            -85.02063578926027,
            48.35078691132367,
            430.3272705078125
          ],
          [
            -85.02066185697913,
            48.3509458322078,
            429.8465576171875
          ],
          [
            -85.02075254917145,
            48.35114532150328,
            429.8465576171875
          ],
          [
            -85.02087350003421,
            48.35122788324952,
            429.8465576171875
          ],
          [
            -85.0208724103868,
            48.351232996210456,
            429.8465576171875
          ],
          [
            -85.0209532957524,
            48.351382529363036,
            429.365966796875
          ],
          [
            -85.02101951278746,
            48.35149769671261,
            428.8853759765625
          ],
          [
            -85.02097668126225,
            48.351609678938985,
            429.365966796875
          ],
          [
            -85.02085237763822,
            48.35171386599541,
            428.8853759765625
          ],
          [
            -85.0206945464015,
            48.35188452154398,
            428.4046630859375
          ],
          [
            -85.02048323862255,
            48.352018212899566,
            427.443359375
          ],
          [
            -85.02044510096312,
            48.3520732820034,
            427.443359375
          ],
          [
            -85.02043219283223,
            48.35212726145983,
            427.443359375
          ],
          [
            -85.02044325694442,
            48.35214209742844,
            427.443359375
          ],
          [
            -85.020423643291,
            48.35228685289621,
            427.443359375
          ],
          [
            -85.02036396414042,
            48.35239221341908,
            426.9627685546875
          ],
          [
            -85.02031828276813,
            48.35250033996999,
            427.443359375
          ],
          [
            -85.02027411013842,
            48.35267183370888,
            427.9239501953125
          ],
          [
            -85.02032054588199,
            48.35280837491155,
            428.4046630859375
          ],
          [
            -85.02029967494309,
            48.352946592494845,
            428.4046630859375
          ],
          [
            -85.02028626389802,
            48.35306226275861,
            427.9239501953125
          ],
          [
            -85.02030906267464,
            48.35317055694759,
            428.8853759765625
          ],
          [
            -85.02019749954343,
            48.35321791470051,
            429.8465576171875
          ],
          [
            -85.02014863304794,
            48.35333978757262,
            429.365966796875
          ],
          [
            -85.02017553895712,
            48.35353282280266,
            429.8465576171875
          ],
          [
            -85.02034510485828,
            48.353578420355916,
            427.9239501953125
          ],
          [
            -85.02044828608632,
            48.3537089265883,
            428.4046630859375
          ],
          [
            -85.02055180259049,
            48.35386700928211,
            427.9239501953125
          ],
          [
            -85.02065716311336,
            48.35402458906174,
            427.443359375
          ],
          [
            -85.02070887945592,
            48.35416339337826,
            428.4046630859375
          ],
          [
            -85.02062019892037,
            48.354396326467395,
            428.8853759765625
          ],
          [
            -85.02054434269667,
            48.35451442748308,
            428.8853759765625
          ],
          [
            -85.02052372321486,
            48.35457947105169,
            429.8465576171875
          ],
          [
            -85.0203752797097,
            48.35475783795118,
            429.8465576171875
          ],
          [
            -85.02024888060987,
            48.354824809357524,
            430.3272705078125
          ],
          [
            -85.02031710930169,
            48.35498699918389,
            429.8465576171875
          ],
          [
            -85.02033714205027,
            48.35510786622763,
            429.365966796875
          ],
          [
            -85.0203161034733,
            48.35527307353914,
            428.8853759765625
          ],
          [
            -85.02007923088968,
            48.35549485869706,
            428.4046630859375
          ],
          [
            -85.0200663227588,
            48.35562217980623,
            426.4820556640625
          ],
          [
            -85.01999507658184,
            48.355645230039954,
            427.9239501953125
          ],
          [
            -85.01985224895179,
            48.35573826916516,
            428.4046630859375
          ],
          [
            -85.01977354288101,
            48.35587715730071,
            428.4046630859375
          ],
          [
            -85.01972534693778,
            48.35606432519853,
            429.365966796875
          ],
          [
            -85.01957162283361,
            48.356154849752784,
            431.7691650390625
          ],
          [
            -85.01945192925632,
            48.3563369885087,
            433.2113037109375
          ],
          [
            -85.01944254152477,
            48.35645844228566,
            432.730712890625
          ],
          [
            -85.01942477189004,
            48.35657671093941,
            433.2113037109375
          ],
          [
            -85.01953298225999,
            48.3567254897207,
            432.730712890625
          ],
          [
            -85.0196133647114,
            48.35686320438981,
            433.69189453125
          ],
          [
            -85.01964127644897,
            48.35691751912236,
            431.28857421875
          ],
          [
            -85.01983791589737,
            48.356969906017184,
            430.3272705078125
          ],
          [
            -85.01994436606765,
            48.357024723663926,
            430.3272705078125
          ],
          [
            -85.02012591809034,
            48.35714056156576,
            429.365966796875
          ],
          [
            -85.0203301012516,
            48.35720602422953,
            428.4046630859375
          ],
          [
            -85.02048038877547,
            48.357337452471256,
            428.4046630859375
          ],
          [
            -85.02062103711069,
            48.357452284544706,
            428.4046630859375
          ],
          [
            -85.02080803737044,
            48.35755320265889,
            428.8853759765625
          ],
          [
            -85.02082161605358,
            48.35768982768059,
            430.8079833984375
          ],
          [
            -85.02084726467729,
            48.357809856534004,
            430.3272705078125
          ],
          [
            -85.02083200961351,
            48.35796307772398,
            428.4046630859375
          ],
          [
            -85.0208911858499,
            48.35808184929192,
            428.8853759765625
          ],
          [
            -85.02086704596877,
            48.358139181509614,
            427.443359375
          ],
          [
            -85.02112789079547,
            48.35827438160777,
            426.9627685546875
          ],
          [
            -85.02126225270331,
            48.358413353562355,
            426.4820556640625
          ],
          [
            -85.02126099541783,
            48.35857872851193,
            427.443359375
          ],
          [
            -85.02140407450497,
            48.358709905296564,
            428.4046630859375
          ],
          [
            -85.02159845083952,
            48.358834041282535,
            429.8465576171875
          ],
          [
            -85.02167648635805,
            48.35889531299472,
            429.365966796875
          ],
          [
            -85.02177949994802,
            48.358930265530944,
            429.365966796875
          ],
          [
            -85.02190673723817,
            48.35903621278703,
            428.8853759765625
          ],
          [
            -85.02207730896771,
            48.35901073180139,
            427.9239501953125
          ],
          [
            -85.02222734503448,
            48.35899212397635,
            427.443359375
          ],
          [
            -85.02241157926619,
            48.35901618003845,
            427.9239501953125
          ],
          [
            -85.02268575131893,
            48.359032021835446,
            427.443359375
          ],
          [
            -85.02292346209288,
            48.35911391302943,
            427.443359375
          ],
          [
            -85.02306184731424,
            48.35918725468218,
            428.4046630859375
          ],
          [
            -85.02325463108718,
            48.35922027938068,
            427.9239501953125
          ],
          [
            -85.02345059998333,
            48.35921432822943,
            428.4046630859375
          ],
          [
            -85.02368822693825,
            48.35928331129253,
            427.9239501953125
          ],
          [
            -85.02393079921603,
            48.3593606762588,
            429.8465576171875
          ],
          [
            -85.0240253470838,
            48.35938934236765,
            431.7691650390625
          ],
          [
            -85.0241670012474,
            48.3593331836164,
            433.2113037109375
          ],
          [
            -85.02447419799864,
            48.35937232710421,
            433.69189453125
          ],
          [
            -85.02459154464304,
            48.35936151444912,
            432.730712890625
          ],
          [
            -85.02470101229846,
            48.35927937179804,
            430.8079833984375
          ],
          [
            -85.02476789988577,
            48.35924391634762,
            428.8853759765625
          ],
          [
            -85.02483176998794,
            48.35916277952492,
            427.443359375
          ],
          [
            -85.02482481300831,
            48.359048618003726,
            426.4820556640625
          ],
          [
            -85.02492271363735,
            48.35886253975332,
            425.520751953125
          ],
          [
            -85.0250946264714,
            48.358772518113256,
            425.520751953125
          ],
          [
            -85.02522890456021,
            48.358690375462174,
            426.4820556640625
          ],
          [
            -85.02548580989242,
            48.358615692704916,
            425.0401611328125
          ],
          [
            -85.02560282126069,
            48.358462722972035,
            425.520751953125
          ],
          [
            -85.02561732195318,
            48.358340011909604,
            426.0013427734375
          ],
          [
            -85.02567172050476,
            48.35830019786954,
            426.4820556640625
          ],
          [
            -85.02568965777755,
            48.35823616012931,
            426.0013427734375
          ],
          [
            -85.02575646154583,
            48.35813960060477,
            426.0013427734375
          ],
          [
            -85.0258248578757,
            48.358045890927315,
            426.0013427734375
          ],
          [
            -85.0259493291378,
            48.35791136138141,
            425.520751953125
          ],
          [
            -85.02593725919724,
            48.35772503167391,
            424.5594482421875
          ],
          [
            -85.02589400857687,
            48.35764825344086,
            425.520751953125
          ],
          [
            -85.02591571770608,
            48.35739394649863,
            426.4820556640625
          ],
          [
            -85.0259353313595,
            48.357340386137366,
            427.9239501953125
          ],
          [
            -85.02615183591843,
            48.35717501118779,
            428.4046630859375
          ],
          [
            -85.026203552261,
            48.357112146914005,
            428.4046630859375
          ],
          [
            -85.02631017006934,
            48.35692908614874,
            426.4820556640625
          ],
          [
            -85.02627639099956,
            48.35675264708698,
            425.520751953125
          ],
          [
            -85.02615921199322,
            48.356609819456935,
            425.520751953125
          ],
          [
            -85.02605485729873,
            48.35651225410402,
            425.0401611328125
          ],
          [
            -85.02589233219624,
            48.356456346809864,
            424.0787353515625
          ],
          [
            -85.02587992697954,
            48.356470512226224,
            425.0401611328125
          ],
          [
            -85.02579862251878,
            48.356465147808194,
            424.0787353515625
          ],
          [
            -85.02572385594249,
            48.35632014088333,
            424.0787353515625
          ],
          [
            -85.02571170218289,
            48.35622408427298,
            424.5594482421875
          ],
          [
            -85.0256784260273,
            48.35604722611606,
            424.5594482421875
          ],
          [
            -85.02565604634583,
            48.35596315562725,
            425.0401611328125
          ],
          [
            -85.02547885291278,
            48.355922754853964,
            425.520751953125
          ],
          [
            -85.02546577714384,
            48.35593222640455,
            425.0401611328125
          ],
          [
            -85.02533351071179,
            48.3559363335371,
            423.5980224609375
          ],
          [
            -85.02523686736822,
            48.35595611482859,
            423.5980224609375
          ],
          [
            -85.02500242553651,
            48.355934489518404,
            423.5980224609375
          ],
          [
            -85.02480746246874,
            48.35592241957784,
            423.117431640625
          ],
          [
            -85.02462540753186,
            48.35591898299754,
            424.0787353515625
          ],
          [
            -85.0244246609509,
            48.35594404488802,
            424.0787353515625
          ],
          [
            -85.02420430071652,
            48.35597480647266,
            424.5594482421875
          ],
          [
            -85.0239790789783,
            48.35602484643459,
            425.520751953125
          ],
          [
            -85.02374933101237,
            48.356087543070316,
            426.0013427734375
          ],
          [
            -85.02370859496295,
            48.35606222972274,
            425.520751953125
          ],
          [
            -85.02347264438868,
            48.35600942373276,
            425.520751953125
          ],
          [
            -85.02331146039069,
            48.35593122057617,
            425.520751953125
          ],
          [
            -85.02310761250556,
            48.35572963580489,
            424.5594482421875
          ],
          [
            -85.02283000387251,
            48.35560600273311,
            424.0787353515625
          ],
          [
            -85.02271852456033,
            48.355482537299395,
            424.0787353515625
          ],
          [
            -85.02250470221043,
            48.355403831228614,
            423.5980224609375
          ],
          [
            -85.02221493981779,
            48.3553094509989,
            423.117431640625
          ],
          [
            -85.02205333672464,
            48.355161007493734,
            423.5980224609375
          ],
          [
            -85.02198678441346,
            48.35513980127871,
            423.5980224609375
          ],
          [
            -85.02172669395804,
            48.35506159812212,
            423.117431640625
          ],
          [
            -85.02146752551198,
            48.3549124840647,
            424.0787353515625
          ],
          [
            -85.02145788632333,
            48.35490426979959,
            424.5594482421875
          ],
          [
            -85.02123593352735,
            48.354776529595256,
            426.0013427734375
          ],
          [
            -85.02116896212101,
            48.354728166013956,
            425.520751953125
          ],
          [
            -85.0211311597377,
            48.35460570640862,
            425.0401611328125
          ],
          [
            -85.02109972760081,
            48.354426166042686,
            425.520751953125
          ],
          [
            -85.02108740620315,
            48.35428141057491,
            424.0787353515625
          ],
          [
            -85.02108916640282,
            48.35423246026039,
            424.0787353515625
          ],
          [
            -85.02089948393404,
            48.35424645803869,
            423.5980224609375
          ],
          [
            -85.02087643370032,
            48.35422541946173,
            423.5980224609375
          ],
          [
            -85.02070175483823,
            48.35415434092283,
            423.5980224609375
          ],
          [
            -85.02053981646895,
            48.35405074059963,
            425.0401611328125
          ],
          [
            -85.02039204351604,
            48.353863740339875,
            425.0401611328125
          ],
          [
            -85.02033689059317,
            48.3536967728287,
            424.5594482421875
          ],
          [
            -85.02023999579251,
            48.35361949168146,
            426.4820556640625
          ],
          [
            -85.02002391032875,
            48.35356500931084,
            428.4046630859375
          ],
          [
            -85.02006598748267,
            48.353406926617026,
            426.9627685546875
          ],
          [
            -85.02009901218116,
            48.353272983804345,
            426.4820556640625
          ],
          [
            -85.02013396471739,
            48.35313526913524,
            426.0013427734375
          ],
          [
            -85.02021200023592,
            48.35291549563408,
            426.0013427734375
          ],
          [
            -85.0202143471688,
            48.35281440988183,
            426.0013427734375
          ],
          [
            -85.02016791142523,
            48.352695386856794,
            425.0401611328125
          ],
          [
            -85.02017897553742,
            48.352484498173,
            424.0787353515625
          ],
          [
            -85.02020697109401,
            48.3524049539119,
            424.5594482421875
          ],
          [
            -85.02032431773841,
            48.35223228670657,
            424.0787353515625
          ],
          [
            -85.02036589197814,
            48.35211091674864,
            425.0401611328125
          ],
          [
            -85.0203803088516,
            48.35206791758537,
            424.5594482421875
          ],
          [
            -85.02041249535978,
            48.35203271359205,
            425.0401611328125
          ],
          [
            -85.02049019560218,
            48.35194814018905,
            425.0401611328125
          ],
          [
            -85.02051701769233,
            48.35193598642945,
            424.5594482421875
          ],
          [
            -85.0205856654793,
            48.351859878748655,
            425.0401611328125
          ],
          [
            -85.02058533020318,
            48.35177698172629,
            425.520751953125
          ],
          [
            -85.02061475068331,
            48.35170816630125,
            426.0013427734375
          ],
          [
            -85.02074282616377,
            48.35170120932162,
            426.0013427734375
          ],
          [
            -85.02097634598613,
            48.351662484928966,
            426.0013427734375
          ],
          [
            -85.02124607563019,
            48.351602889597416,
            426.4820556640625
          ],
          [
            -85.02157364040613,
            48.35155670531094,
            426.4820556640625
          ],
          [
            -85.02184798009694,
            48.351614037528634,
            426.4820556640625
          ],
          [
            -85.0220291968435,
            48.35160976275802,
            426.4820556640625
          ],
          [
            -85.02212022431195,
            48.351590568199754,
            426.4820556640625
          ],
          [
            -85.02233119681478,
            48.35159853100777,
            426.0013427734375
          ],
          [
            -85.02234645187855,
            48.351600877940655,
            426.0013427734375
          ],
          [
            -85.02255625091493,
            48.35158931091428,
            425.520751953125
          ],
          [
            -85.02259128727019,
            48.351584281772375,
            425.520751953125
          ],
          [
            -85.02267711795866,
            48.35156357847154,
            425.520751953125
          ],
          [
            -85.02269580960274,
            48.35155385546386,
            425.520751953125
          ],
          [
            -85.02277242019773,
            48.351472383365035,
            425.520751953125
          ],
          [
            -85.02280527725816,
            48.35132695734501,
            425.520751953125
          ],
          [
            -85.0227702409029,
            48.351139202713966,
            425.0401611328125
          ],
          [
            -85.02275054343045,
            48.3509905077517,
            425.520751953125
          ],
          [
            -85.02282539382577,
            48.350835358724,
            424.5594482421875
          ],
          [
            -85.02289052121341,
            48.350743325427175,
            425.0401611328125
          ],
          [
            -85.02301616594195,
            48.35063528269529,
            424.5594482421875
          ],
          [
            -85.02302370965481,
            48.350621704012156,
            424.5594482421875
          ],
          [
            -85.02304784953594,
            48.35058473981917,
            424.5594482421875
          ],
          [
            -85.02326896414161,
            48.35044652223587,
            424.5594482421875
          ],
          [
            -85.02328916452825,
            48.35042808204889,
            424.5594482421875
          ],
          [
            -85.02335328608751,
            48.35032473318279,
            424.5594482421875
          ],
          [
            -85.02338731661439,
            48.35027896799147,
            424.5594482421875
          ],
          [
            -85.02346870489419,
            48.350196992978454,
            425.0401611328125
          ],
          [
            -85.02350214868784,
            48.350023152306676,
            426.4820556640625
          ],
          [
            -85.02352151088417,
            48.349879989400506,
            427.443359375
          ],
          [
            -85.02351203933358,
            48.349859453737736,
            427.443359375
          ],
          [
            -85.02350298687816,
            48.349708914756775,
            426.9627685546875
          ],
          [
            -85.02350357361138,
            48.34955368191004,
            426.9627685546875
          ]
        ]
      },
      "properties": {
        "feature_type": "track",
        "name": "ForestFire Tr",
        "desc": "",
        "segment": 0,
        "point_count": 224
      }
    },
    {
      "type": "Feature",
      "geometry": {
        "type": "LineString",
        "coordinates": [
          [
            -84.78424608707428,
            47.97066575847566,
            289.974853515625
          ],
          [
            -84.78395037353039,
            47.97084798105061,
            289.974853515625
          ],
          [
            -84.7833623830229,
            47.97177594155073,
            291.8974609375
          ],
          [
            -84.78263651020825,
            47.9732730332762,
            293.820068359375
          ],
          [
            -84.78254690766335,
            47.97478722408414,
            293.33935546875
          ],
          [
            -84.78239712305367,
            47.97650249674916,
            294.30078125
          ],
          [
            -84.78163529187441,
            47.97847199253738,
            294.7813720703125
          ],
          [
            -84.780706577003,
            47.98096217215061,
            294.30078125
          ],
          [
            -84.78050289675593,
            47.98254827968776,
            295.261962890625
          ],
          [
            -84.78036744520068,
            47.98467476852238,
            295.261962890625
          ],
          [
            -84.7799988090992,
            47.98598326742649,
            296.2235107421875
          ],
          [
            -84.77908484637737,
            47.98691550269723,
            296.2235107421875
          ],
          [
            -84.77698224596679,
            47.98857151530683,
            295.74267578125
          ],
          [
            -84.77496664971113,
            47.98976048827171,
            294.30078125
          ],
          [
            -84.77301467210054,
            47.99081903882325,
            295.261962890625
          ],
          [
            -84.77115246467292,
            47.99187080003321,
            297.1846923828125
          ],
          [
            -84.77084258571267,
            47.992404978722334,
            298.626708984375
          ],
          [
            -84.76772233843803,
            47.99196124076843,
            297.1846923828125
          ],
          [
            -84.76617218926549,
            47.9914933629334,
            295.261962890625
          ],
          [
            -84.76460058242083,
            47.99106353893876,
            296.7041015625
          ],
          [
            -84.76276217959821,
            47.99105574376881,
            298.1461181640625
          ],
          [
            -84.76018868386745,
            47.99119639210403,
            301.0299072265625
          ],
          [
            -84.75723112933338,
            47.99138096161187,
            301.0299072265625
          ],
          [
            -84.75325467064977,
            47.9915641900152,
            300.54931640625
          ],
          [
            -84.74851034581661,
            47.991806007921696,
            300.54931640625
          ],
          [
            -84.74572696723044,
            47.99217229709029,
            297.6654052734375
          ],
          [
            -84.74389526993036,
            47.992973858490586,
            297.6654052734375
          ],
          [
            -84.73975075408816,
            47.99525348469615,
            300.54931640625
          ],
          [
            -84.73493157885969,
            47.99801859073341,
            303.4332275390625
          ],
          [
            -84.73379935137928,
            47.99876030534506,
            306.7978515625
          ],
          [
            -84.73289947025478,
            47.999356761574745,
            309.201171875
          ],
          [
            -84.73152953200042,
            48.00024205818772,
            312.5657958984375
          ],
          [
            -84.72924118861556,
            48.00175482407212,
            309.201171875
          ],
          [
            -84.72829411737621,
            48.00236117094755,
            305.35595703125
          ],
          [
            -84.72576261498034,
            48.003661120310426,
            302.471923828125
          ],
          [
            -84.724374236539,
            48.00419990904629,
            300.0687255859375
          ],
          [
            -84.7206911444664,
            48.00576640293002,
            302.9525146484375
          ],
          [
            -84.71976838074625,
            48.006298653781414,
            306.3172607421875
          ],
          [
            -84.71910461783409,
            48.00673233345151,
            310.64306640625
          ],
          [
            -84.71844823099673,
            48.00717246718705,
            314.0078125
          ],
          [
            -84.71734047867358,
            48.00791678018868,
            317.3724365234375
          ],
          [
            -84.71711249090731,
            48.00806907936931,
            317.3724365234375
          ],
          [
            -84.71531021408737,
            48.00929635763168,
            313.5272216796875
          ],
          [
            -84.71485432237387,
            48.009617468342185,
            310.1624755859375
          ],
          [
            -84.71437621861696,
            48.00994620658457,
            306.7978515625
          ],
          [
            -84.71365621313453,
            48.01043462008238,
            303.4332275390625
          ],
          [
            -84.7108338586986,
            48.01232809200883,
            306.3172607421875
          ],
          [
            -84.70842028968036,
            48.013560734689236,
            306.3172607421875
          ],
          [
            -84.70723642967641,
            48.01399827003479,
            304.3946533203125
          ],
          [
            -84.70605600625277,
            48.01443505100906,
            301.5106201171875
          ],
          [
            -84.70516568049788,
            48.0147575866431,
            299.5880126953125
          ],
          [
            -84.7043083794415,
            48.015067214146256,
            300.54931640625
          ],
          [
            -84.70343615859747,
            48.01542621105909,
            301.9913330078125
          ],
          [
            -84.70124051906168,
            48.016458693891764,
            298.626708984375
          ],
          [
            -84.6994508150965,
            48.01742445677519,
            302.471923828125
          ],
          [
            -84.6987219247967,
            48.01782360300422,
            305.35595703125
          ],
          [
            -84.69772808253765,
            48.01838418468833,
            308.2398681640625
          ],
          [
            -84.69645512290299,
            48.01911123096943,
            311.123779296875
          ],
          [
            -84.69595715403557,
            48.019405184313655,
            312.085205078125
          ],
          [
            -84.69356713816524,
            48.02100537344813,
            308.720458984375
          ],
          [
            -84.6891674771905,
            48.02373452112079,
            309.681884765625
          ],
          [
            -84.68644285574555,
            48.02462459541857,
            309.681884765625
          ],
          [
            -84.68520283699036,
            48.02498417906463,
            306.7978515625
          ],
          [
            -84.68427152372897,
            48.025260446593165,
            303.9139404296875
          ],
          [
            -84.68146651983261,
            48.02605479955673,
            302.471923828125
          ],
          [
            -84.67793664894998,
            48.02679408341646,
            301.5106201171875
          ],
          [
            -84.67554168775678,
            48.027581395581365,
            303.4332275390625
          ],
          [
            -84.67444902285933,
            48.028072994202375,
            306.7978515625
          ],
          [
            -84.67392196878791,
            48.02831565029919,
            310.1624755859375
          ],
          [
            -84.6733820065856,
            48.02854615263641,
            312.5657958984375
          ],
          [
            -84.6724958717823,
            48.028786377981305,
            317.85302734375
          ],
          [
            -84.67160261236131,
            48.02886198274791,
            322.65966796875
          ],
          [
            -84.67037147842348,
            48.028843542560935,
            328.4276123046875
          ],
          [
            -84.66941233724356,
            48.02880632691085,
            330.8309326171875
          ],
          [
            -84.66715224087238,
            48.02870314568281,
            329.8695068359375
          ],
          [
            -84.66552372090518,
            48.02809386514127,
            329.388916015625
          ],
          [
            -84.66488518752158,
            48.02764568477869,
            327.94677734375
          ],
          [
            -84.66357031837106,
            48.02682534791529,
            327.4661865234375
          ],
          [
            -84.66274889186025,
            48.02654488943517,
            327.94677734375
          ],
          [
            -84.66149512678385,
            48.02634498104453,
            328.4276123046875
          ],
          [
            -84.6608583535999,
            48.02632503211498,
            328.4276123046875
          ],
          [
            -84.65899715200067,
            48.0266348272562,
            327.94677734375
          ],
          [
            -84.65613515116274,
            48.02769262343645,
            326.5048828125
          ],
          [
            -84.65532336384058,
            48.02797903306782,
            325.06298828125
          ],
          [
            -84.65410186909139,
            48.02847482264042,
            327.4661865234375
          ],
          [
            -84.65196498669684,
            48.02928510122001,
            327.4661865234375
          ],
          [
            -84.65072622522712,
            48.029863787814975,
            328.4276123046875
          ],
          [
            -84.64920264668763,
            48.03082276135683,
            325.5435791015625
          ],
          [
            -84.64896460063756,
            48.03081010468304,
            325.06298828125
          ]
        ]
      },
      "properties": {
        "feature_type": "track",
        "name": "Highway 101",
        "desc": "",
        "segment": 0,
        "point_count": 89
      }
    },
    {
      "type": "Feature",
      "geometry": {
        "type": "LineString",
        "coordinates": [
          [
            -85.04747883416712,
            48.342618746683,
            423.5980224609375
          ],
          [
            -85.04657979123294,
            48.34208448417485,
            425.0401611328125
          ],
          [
            -85.04495940171182,
            48.341146130114794,
            426.0013427734375
          ],
          [
            -85.04268111661077,
            48.33987602032721,
            426.9627685546875
          ],
          [
            -85.03959096036851,
            48.33813115954399,
            426.4820556640625
          ],
          [
            -85.03644715994596,
            48.33636090159416,
            426.4820556640625
          ],
          [
            -85.03462417982519,
            48.33531810902059,
            426.0013427734375
          ],
          [
            -85.03040950745344,
            48.33295005373657,
            426.0013427734375
          ],
          [
            -85.02765328623354,
            48.33145019598305,
            423.5980224609375
          ],
          [
            -85.02518934197724,
            48.33007036708295,
            425.0401611328125
          ],
          [
            -85.02238903194666,
            48.328452073037624,
            428.4046630859375
          ],
          [
            -85.02211544662714,
            48.328297762200236,
            428.4046630859375
          ],
          [
            -85.0188313331455,
            48.32643982954323,
            430.8079833984375
          ],
          [
            -85.01526743173599,
            48.32443638704717,
            430.3272705078125
          ],
          [
            -85.01202556304634,
            48.322606198489666,
            430.8079833984375
          ],
          [
            -85.00951115973294,
            48.32093384116888,
            433.2113037109375
          ],
          [
            -85.00839024782181,
            48.31972642801702,
            431.28857421875
          ],
          [
            -85.00751551240683,
            48.318160185590386,
            434.172607421875
          ],
          [
            -85.00686088576913,
            48.31582381390035,
            436.575927734375
          ],
          [
            -85.0060867331922,
            48.31301076337695,
            434.6533203125
          ],
          [
            -85.00515516847372,
            48.309983471408486,
            432.25
          ],
          [
            -85.00430138781667,
            48.30866147764027,
            431.28857421875
          ],
          [
            -85.00374114140868,
            48.30805940553546,
            429.365966796875
          ],
          [
            -85.00309531576931,
            48.3074976503849,
            427.9239501953125
          ],
          [
            -85.00102674588561,
            48.306162329390645,
            427.443359375
          ],
          [
            -84.99853237532079,
            48.30523529089987,
            427.443359375
          ],
          [
            -84.99655877240002,
            48.304679822176695,
            424.0787353515625
          ],
          [
            -84.99321514740586,
            48.303849091753364,
            424.0787353515625
          ],
          [
            -84.99067878350616,
            48.302977876737714,
            426.9627685546875
          ],
          [
            -84.9889272172004,
            48.30179812386632,
            425.520751953125
          ],
          [
            -84.98726676218212,
            48.29991973936558,
            426.0013427734375
          ],
          [
            -84.98650643974543,
            48.29911516048014,
            429.8465576171875
          ],
          [
            -84.98500054702163,
            48.29811134375632,
            433.2113037109375
          ],
          [
            -84.98278294689953,
            48.29733601771295,
            432.25
          ],
          [
            -84.97931904159486,
            48.296687258407474,
            432.730712890625
          ],
          [
            -84.9768269341439,
            48.296340834349394,
            430.8079833984375
          ],
          [
            -84.97540360316634,
            48.296330105513334,
            427.443359375
          ],
          [
            -84.9725999403745,
            48.29662648960948,
            426.9627685546875
          ],
          [
            -84.96928104199469,
            48.297467194497585,
            426.0013427734375
          ],
          [
            -84.96334623545408,
            48.29911272972822,
            426.9627685546875
          ],
          [
            -84.96032296679914,
            48.29986467026174,
            430.3272705078125
          ],
          [
            -84.957854161039,
            48.300026105716825,
            432.25
          ],
          [
            -84.95542022399604,
            48.29964187927544,
            434.172607421875
          ],
          [
            -84.95309106074274,
            48.299060091376305,
            430.3272705078125
          ],
          [
            -84.95275410823524,
            48.29897677525878,
            430.3272705078125
          ],
          [
            -84.94840356521308,
            48.29790280200541,
            429.8465576171875
          ],
          [
            -84.94772287085652,
            48.29774480313063,
            427.443359375
          ],
          [
            -84.94470270350575,
            48.297013733536005,
            427.443359375
          ],
          [
            -84.94403156451881,
            48.29684425145388,
            431.7691650390625
          ],
          [
            -84.94370785541832,
            48.29677308909595,
            426.4820556640625
          ],
          [
            -84.93960147723556,
            48.29594437032938,
            429.8465576171875
          ],
          [
            -84.93714951910079,
            48.29572116024792,
            432.730712890625
          ],
          [
            -84.93607160635293,
            48.29565896652639,
            434.172607421875
          ],
          [
            -84.93105679750443,
            48.295519994571805,
            433.2113037109375
          ],
          [
            -84.92679267190397,
            48.2953598164022,
            436.575927734375
          ],
          [
            -84.92643585428596,
            48.29533944837749,
            437.0565185546875
          ],
          [
            -84.92390929721296,
            48.29524900764227,
            440.4212646484375
          ],
          [
            -84.91966470144689,
            48.294869642704725,
            443.3050537109375
          ],
          [
            -84.91828428581357,
            48.29462296329439,
            447.1502685546875
          ],
          [
            -84.91691040806472,
            48.29435256309807,
            450.5150146484375
          ],
          [
            -84.91589720360935,
            48.2941404171288,
            453.879638671875
          ],
          [
            -84.91418008692563,
            48.29382550902665,
            455.321533203125
          ],
          [
            -84.91010748781264,
            48.292987905442715,
            455.321533203125
          ],
          [
            -84.90874048322439,
            48.29271155409515,
            459.6475830078125
          ],
          [
            -84.90770875476301,
            48.29250703565776,
            463.973388671875
          ],
          [
            -84.90701708011329,
            48.29237502068281,
            464.4541015625
          ],
          [
            -84.90564923733473,
            48.2921080570668,
            466.857421875
          ],
          [
            -84.90393882617354,
            48.29176758415997,
            469.7413330078125
          ],
          [
            -84.90187629126012,
            48.291338263079524,
            473.586669921875
          ],
          [
            -84.9011848680675,
            48.29119501635432,
            474.0672607421875
          ],
          [
            -84.89804509095848,
            48.29072965309024,
            472.6253662109375
          ],
          [
            -84.89661941304803,
            48.29060425981879,
            469.2607421875
          ],
          [
            -84.89555415697396,
            48.29052203334868,
            465.41552734375
          ],
          [
            -84.8941580671817,
            48.290314162150025,
            461.0894775390625
          ],
          [
            -84.89283272065222,
            48.28994301147759,
            457.7249755859375
          ],
          [
            -84.89252518862486,
            48.289820635691285,
            461.5701904296875
          ],
          [
            -84.89062224514782,
            48.28877231106162,
            464.4541015625
          ],
          [
            -84.88980215974152,
            48.287983322516084,
            463.4927978515625
          ],
          [
            -84.88946864381433,
            48.287561712786555,
            460.128173828125
          ],
          [
            -84.88934325054288,
            48.28733774833381,
            461.5701904296875
          ],
          [
            -84.88885047845542,
            48.28618657775223,
            455.80224609375
          ],
          [
            -84.88877135328948,
            48.28594224527478,
            457.2442626953125
          ],
          [
            -84.88792084157467,
            48.283347291871905,
            461.0894775390625
          ],
          [
            -84.88783844746649,
            48.283115113154054,
            457.7249755859375
          ],
          [
            -84.8876167461276,
            48.28240533359349,
            462.5313720703125
          ],
          [
            -84.88662893883884,
            48.27938558533788,
            465.41552734375
          ],
          [
            -84.88607053644955,
            48.277765111997724,
            464.934814453125
          ],
          [
            -84.8855928517878,
            48.27636709436774,
            463.973388671875
          ],
          [
            -84.88527492620051,
            48.27542840503156,
            459.6475830078125
          ],
          [
            -84.88472079858184,
            48.27380650676787,
            462.5313720703125
          ],
          [
            -84.88375863991678,
            48.271019607782364,
            458.20556640625
          ],
          [
            -84.88336150534451,
            48.26985594816506,
            454.8408203125
          ],
          [
            -84.88328439183533,
            48.269628547132015,
            455.321533203125
          ],
          [
            -84.88296856172383,
            48.26869899407029,
            458.6861572265625
          ],
          [
            -84.8828160110861,
            48.2682238239795,
            460.6087646484375
          ],
          [
            -84.88267159089446,
            48.267758125439286,
            462.05078125
          ],
          [
            -84.88258165307343,
            48.267527874559164,
            465.41552734375
          ],
          [
            -84.8815609049052,
            48.26425298117101,
            462.5313720703125
          ],
          [
            -84.88150348886847,
            48.26355719938874,
            459.1668701171875
          ],
          [
            -84.88153332844377,
            48.26283970847726,
            454.8408203125
          ],
          [
            -84.8817614838481,
            48.261639503762126,
            456.7635498046875
          ],
          [
            -84.88199282437563,
            48.26045614667237,
            453.879638671875
          ],
          [
            -84.88215308636427,
            48.25979456305504,
            450.5150146484375
          ],
          [
            -84.8822462093085,
            48.25931813567877,
            449.5537109375
          ],
          [
            -84.88257201388478,
            48.257620045915246,
            451.476318359375
          ],
          [
            -84.88330299966037,
            48.25430743396282,
            450.99560546875
          ],
          [
            -84.88392946310341,
            48.251224821433425,
            448.11181640625
          ],
          [
            -84.88389618694782,
            48.24908835813403,
            450.034423828125
          ],
          [
            -84.88326419144869,
            48.24748213402927,
            446.669677734375
          ],
          [
            -84.88313326612115,
            48.24725582264364,
            446.1890869140625
          ],
          [
            -84.88251015543938,
            48.24639659374952,
            445.7083740234375
          ],
          [
            -84.88117919303477,
            48.24497887864709,
            444.7470703125
          ],
          [
            -84.87960515543818,
            48.24337684549391,
            445.7083740234375
          ],
          [
            -84.8784336168319,
            48.24223053641617,
            443.7857666015625
          ],
          [
            -84.87677265889943,
            48.24058919213712,
            440.90185546875
          ],
          [
            -84.87659906968474,
            48.24041225016117,
            440.90185546875
          ],
          [
            -84.87556516192853,
            48.239344814792275,
            438.49853515625
          ],
          [
            -84.87254172563553,
            48.23627293109894,
            440.90185546875
          ],
          [
            -84.87218474037945,
            48.235898511484265,
            442.824462890625
          ],
          [
            -84.87163664773107,
            48.235334660857916,
            444.7470703125
          ],
          [
            -84.87031607888639,
            48.23399372398853,
            448.11181640625
          ],
          [
            -84.87012966535985,
            48.23380261659622,
            448.11181640625
          ],
          [
            -84.8671481385827,
            48.23078169487417,
            447.1502685546875
          ],
          [
            -84.866604488343,
            48.23023737408221,
            443.3050537109375
          ],
          [
            -84.8660470917821,
            48.22968089953065,
            440.4212646484375
          ],
          [
            -84.86567568965256,
            48.22930036112666,
            439.459716796875
          ],
          [
            -84.86402923241258,
            48.22763118892908,
            439.459716796875
          ],
          [
            -84.86243097111583,
            48.22599034756422,
            435.614501953125
          ],
          [
            -84.86170853488147,
            48.22525684721768,
            434.6533203125
          ],
          [
            -84.86004263162613,
            48.223525481298566,
            431.7691650390625
          ],
          [
            -84.85949303023517,
            48.22295802645385,
            433.69189453125
          ],
          [
            -84.85893152654171,
            48.222393253818154,
            435.1339111328125
          ],
          [
            -84.85581597313285,
            48.219217685982585,
            431.7691650390625
          ],
          [
            -84.85544633120298,
            48.218858605250716,
            430.8079833984375
          ],
          [
            -84.85488935373724,
            48.21829777210951,
            427.443359375
          ],
          [
            -84.85451359301805,
            48.21790759451687,
            426.9627685546875
          ],
          [
            -84.85219624824822,
            48.21550450287759,
            424.0787353515625
          ],
          [
            -84.85184160992503,
            48.21515019983053,
            422.63671875
          ],
          [
            -84.84991930425167,
            48.213197719305754,
            420.714111328125
          ],
          [
            -84.84952485188842,
            48.21280921809375,
            419.272216796875
          ],
          [
            -84.84855229966342,
            48.211822751909494,
            416.38818359375
          ],
          [
            -84.84778384678066,
            48.21103527210653,
            414.4654541015625
          ],
          [
            -84.84712335281074,
            48.210199512541294,
            411.1009521484375
          ],
          [
            -84.84660308808088,
            48.209341038018465,
            407.736328125
          ],
          [
            -84.8460010997951,
            48.20770782418549,
            404.3717041015625
          ],
          [
            -84.84592415392399,
            48.20747505873442,
            404.3717041015625
          ],
          [
            -84.84541713260114,
            48.20588828064501,
            401.968505859375
          ],
          [
            -84.84515519812703,
            48.204537285491824,
            403.410400390625
          ],
          [
            -84.84533188864589,
            48.2024543825537,
            402.4490966796875
          ],
          [
            -84.84601400792599,
            48.200332671403885,
            397.6424560546875
          ],
          [
            -84.84604619443417,
            48.200094290077686,
            399.0843505859375
          ],
          [
            -84.84600721858442,
            48.19887145422399,
            395.2391357421875
          ],
          [
            -84.84576095826924,
            48.19766110740602,
            395.7198486328125
          ],
          [
            -84.84547957777977,
            48.19622495211661,
            395.2391357421875
          ],
          [
            -84.84530003741384,
            48.195304200053215,
            393.7972412109375
          ],
          [
            -84.84521462582052,
            48.194852164015174,
            394.758544921875
          ],
          [
            -84.84512669965625,
            48.1944018881768,
            393.7972412109375
          ],
          [
            -84.844502331689,
            48.19114283658564,
            392.3553466796875
          ],
          [
            -84.84433519653976,
            48.19023633375764,
            390.9132080078125
          ],
          [
            -84.8434851039201,
            48.1875064317137,
            391.87451171875
          ],
          [
            -84.84208658337593,
            48.18566484376788,
            390.9132080078125
          ],
          [
            -84.83990636654198,
            48.183928867802024,
            388.510009765625
          ],
          [
            -84.8378587514162,
            48.18240428343415,
            385.6259765625
          ],
          [
            -84.83513538725674,
            48.18031677044928,
            383.7032470703125
          ],
          [
            -84.83267395757139,
            48.178453389555216,
            387.548583984375
          ],
          [
            -84.83180710114539,
            48.17778468132019,
            385.6259765625
          ],
          [
            -84.83001915737987,
            48.1762058660388,
            382.7420654296875
          ],
          [
            -84.8289034422487,
            48.174561420455575,
            382.2613525390625
          ],
          [
            -84.82813389971852,
            48.173108668997884,
            380.3387451171875
          ],
          [
            -84.82753861695528,
            48.17188315093517,
            376.9742431640625
          ],
          [
            -84.82743367552757,
            48.171676537021995,
            378.4161376953125
          ],
          [
            -84.82698147185147,
            48.1707438826561,
            374.090087890625
          ],
          [
            -84.82677401974797,
            48.17030140198767,
            370.7255859375
          ],
          [
            -84.82684509828687,
            48.17014843225479,
            365.9189453125
          ],
          [
            -84.8268901091069,
            48.170141810551286,
            368.322265625
          ],
          [
            -84.82698859646916,
            48.170170141384006,
            368.802978515625
          ],
          [
            -84.82752847485244,
            48.17023493349552,
            369.7642822265625
          ],
          [
            -84.8280093446374,
            48.17011155188084,
            370.7255859375
          ],
          [
            -84.8283006157726,
            48.16988440230489,
            370.7255859375
          ],
          [
            -84.8285601194948,
            48.16961375065148,
            372.648193359375
          ],
          [
            -84.82880906201899,
            48.16936363466084,
            374.57080078125
          ],
          [
            -84.82893353328109,
            48.16919113509357,
            375.5321044921875
          ],
          [
            -84.82892791740596,
            48.1691861897707,
            375.5321044921875
          ],
          [
            -84.82891500927508,
            48.16919272765517,
            375.5321044921875
          ],
          [
            -84.82881803065538,
            48.169315438717604,
            375.051513671875
          ],
          [
            -84.82861049473286,
            48.16965155303478,
            371.6868896484375
          ],
          [
            -84.8285699263215,
            48.16969865933061,
            371.6868896484375
          ],
          [
            -84.8285619635135,
            48.169702934101224,
            367.841552734375
          ],
          [
            -84.82856187969446,
            48.169702934101224,
            371.206298828125
          ],
          [
            -84.82833213172853,
            48.16996956244111,
            370.244873046875
          ],
          [
            -84.82808402739465,
            48.17012135870755,
            370.244873046875
          ],
          [
            -84.82748514041305,
            48.170240968465805,
            369.7642822265625
          ],
          [
            -84.82720945961773,
            48.17023912444711,
            369.28369140625
          ],
          [
            -84.82682338915765,
            48.170186234638095,
            368.802978515625
          ],
          [
            -84.82661300338805,
            48.17002421244979,
            369.28369140625
          ],
          [
            -84.82620497234166,
            48.16925307735801,
            371.6868896484375
          ],
          [
            -84.82568638399243,
            48.16821648739278,
            375.051513671875
          ],
          [
            -84.82543903402984,
            48.16769362427294,
            376.0128173828125
          ],
          [
            -84.82496461831033,
            48.166756024584174,
            378.4161376953125
          ],
          [
            -84.82447142712772,
            48.16602788865566,
            379.8580322265625
          ],
          [
            -84.8233500123024,
            48.1647723633796,
            383.22265625
          ],
          [
            -84.82136484235525,
            48.16327426582575,
            385.1453857421875
          ],
          [
            -84.81918931938708,
            48.16171657294035,
            382.7420654296875
          ],
          [
            -84.81822305358946,
            48.161012660712004,
            380.8194580078125
          ],
          [
            -84.81698781251907,
            48.16012526862323,
            377.454833984375
          ],
          [
            -84.81674465350807,
            48.15995251759887,
            377.454833984375
          ],
          [
            -84.81553304940462,
            48.15908842720091,
            374.090087890625
          ],
          [
            -84.81435874477029,
            48.15824914723635,
            371.206298828125
          ],
          [
            -84.8131975159049,
            48.15741338767111,
            367.841552734375
          ],
          [
            -84.81296843849123,
            48.15724608488381,
            367.3609619140625
          ],
          [
            -84.81132181361318,
            48.15608175471425,
            364.4769287109375
          ],
          [
            -84.81084823608398,
            48.15575134009123,
            363.5157470703125
          ],
          [
            -84.80847196653485,
            48.15374446101487,
            360.6317138671875
          ],
          [
            -84.80735491029918,
            48.15191284753382,
            361.1124267578125
          ],
          [
            -84.80696054175496,
            48.14993195235729,
            362.07373046875
          ],
          [
            -84.80729933828115,
            48.14804753288627,
            362.07373046875
          ],
          [
            -84.80783745646477,
            48.146691005676985,
            360.6317138671875
          ],
          [
            -84.80808983556926,
            48.14600704237819,
            358.2283935546875
          ],
          [
            -84.80834950692952,
            48.145317463204265,
            355.344482421875
          ],
          [
            -84.80868461541831,
            48.14440442249179,
            351.9798583984375
          ],
          [
            -84.80876918882132,
            48.14416612498462,
            351.9798583984375
          ],
          [
            -84.8100303299725,
            48.140654945746064,
            350.537841796875
          ],
          [
            -84.81123480945826,
            48.13729363493621,
            347.1732177734375
          ],
          [
            -84.81200284324586,
            48.13517661765218,
            343.80859375
          ],
          [
            -84.81273508630693,
            48.13316311687231,
            340.9246826171875
          ],
          [
            -84.81318670324981,
            48.13184380531311,
            337.56005859375
          ],
          [
            -84.81333120726049,
            48.13114886172116,
            334.1954345703125
          ],
          [
            -84.81337957084179,
            48.13043178990483,
            330.8309326171875
          ],
          [
            -84.81335023418069,
            48.129709688946605,
            327.4661865234375
          ],
          [
            -84.81319734826684,
            48.12899152748287,
            324.1015625
          ],
          [
            -84.81293709017336,
            48.12828459776938,
            319.775634765625
          ],
          [
            -84.81259443797171,
            48.127596359699965,
            316.4110107421875
          ],
          [
            -84.81221180409193,
            48.12688993290067,
            314.9691162109375
          ],
          [
            -84.81027692556381,
            48.12330901622772,
            317.3724365234375
          ],
          [
            -84.80933203361928,
            48.12156306579709,
            320.737060546875
          ],
          [
            -84.80910304002464,
            48.121126955375075,
            321.6983642578125
          ],
          [
            -84.80872694402933,
            48.12024341896176,
            323.140380859375
          ],
          [
            -84.80848730541766,
            48.11812749132514,
            321.2177734375
          ],
          [
            -84.80857883580029,
            48.11690867878497,
            318.3336181640625
          ],
          [
            -84.80875921435654,
            48.11496709473431,
            315.4498291015625
          ],
          [
            -84.80887019075453,
            48.11377342790365,
            312.085205078125
          ],
          [
            -84.80923145078123,
            48.11012520454824,
            311.6044921875
          ],
          [
            -84.80986939743161,
            48.10781221836805,
            313.5272216796875
          ],
          [
            -84.8102570604533,
            48.10693203471601,
            315.930419921875
          ],
          [
            -84.81159715913236,
            48.104048660025,
            315.4498291015625
          ],
          [
            -84.8120684735477,
            48.10193432494998,
            317.85302734375
          ],
          [
            -84.81170184910297,
            48.09986416250467,
            320.25634765625
          ],
          [
            -84.81128577142954,
            48.09898456558585,
            322.178955078125
          ],
          [
            -84.81053927913308,
            48.09765595011413,
            325.06298828125
          ],
          [
            -84.80830022133887,
            48.093626433983445,
            325.06298828125
          ],
          [
            -84.80684772133827,
            48.09094003401697,
            321.6983642578125
          ],
          [
            -84.806241793558,
            48.089843429625034,
            318.8143310546875
          ],
          [
            -84.80548826046288,
            48.0884931050241,
            316.8917236328125
          ],
          [
            -84.80492155998945,
            48.08662226423621,
            315.930419921875
          ],
          [
            -84.80520595796406,
            48.084724517539144,
            314.4884033203125
          ],
          [
            -84.80557803064585,
            48.08246182277799,
            317.85302734375
          ],
          [
            -84.80561625212431,
            48.08224607259035,
            317.85302734375
          ],
          [
            -84.80575539171696,
            48.08138910681009,
            319.775634765625
          ],
          [
            -84.80604548938572,
            48.079564198851585,
            319.775634765625
          ],
          [
            -84.80614439584315,
            48.07903865352273,
            332.2728271484375
          ],
          [
            -84.8062954377383,
            48.078530291095376,
            332.7535400390625
          ],
          [
            -84.80651051737368,
            48.07763418182731,
            334.6761474609375
          ],
          [
            -84.8066490702331,
            48.077146438881755,
            336.1181640625
          ],
          [
            -84.80692307464778,
            48.0752360355109,
            336.1181640625
          ],
          [
            -84.80713362805545,
            48.07270880788565,
            334.1954345703125
          ],
          [
            -84.8073420021683,
            48.07091466151178,
            330.8309326171875
          ],
          [
            -84.80737024918199,
            48.07067426852882,
            330.8309326171875
          ],
          [
            -84.80745499022305,
            48.0699844378978,
            329.388916015625
          ],
          [
            -84.80785019695759,
            48.067790223285556,
            329.8695068359375
          ],
          [
            -84.80866801925004,
            48.06617167778313,
            329.388916015625
          ],
          [
            -84.80998733080924,
            48.0646416451782,
            329.388916015625
          ],
          [
            -84.81274698860943,
            48.06206471286714,
            328.4276123046875
          ],
          [
            -84.81505452655256,
            48.05979003198445,
            326.985595703125
          ],
          [
            -84.81607401743531,
            48.05786143988371,
            326.024169921875
          ],
          [
            -84.81641197577119,
            48.05613233707845,
            325.06298828125
          ],
          [
            -84.81648649089038,
            48.05454874411225,
            324.1015625
          ],
          [
            -84.81663862243295,
            48.05404775775969,
            323.6209716796875
          ],
          [
            -84.81763690710068,
            48.05234187282622,
            321.6983642578125
          ],
          [
            -84.81934446841478,
            48.050686866045,
            321.6983642578125
          ],
          [
            -84.82043134979904,
            48.04998345673084,
            323.6209716796875
          ],
          [
            -84.82299822382629,
            48.04887327365577,
            324.582275390625
          ],
          [
            -84.82365058735013,
            48.04860731586814,
            325.5435791015625
          ],
          [
            -84.8264379054308,
            48.04742429405451,
            327.4661865234375
          ],
          [
            -84.82920728623867,
            48.04622232913971,
            328.9083251953125
          ],
          [
            -84.83192495070398,
            48.045048443600535,
            328.9083251953125
          ],
          [
            -84.83338667079806,
            48.04411084391177,
            326.985595703125
          ],
          [
            -84.83456558547914,
            48.04257947020233,
            326.024169921875
          ],
          [
            -84.83536446467042,
            48.040290204808116,
            325.06298828125
          ],
          [
            -84.83592462725937,
            48.03855967707932,
            327.94677734375
          ],
          [
            -84.83618178404868,
            48.037833301350474,
            329.388916015625
          ],
          [
            -84.83631262555718,
            48.03736257366836,
            328.9083251953125
          ],
          [
            -84.83635528944433,
            48.03690140135586,
            328.9083251953125
          ],
          [
            -84.83589202165604,
            48.035230385139585,
            323.6209716796875
          ],
          [
            -84.83543143607676,
            48.03457969799638,
            319.775634765625
          ],
          [
            -84.83469877392054,
            48.03374125622213,
            316.4110107421875
          ],
          [
            -84.83431136235595,
            48.03333825431764,
            312.085205078125
          ],
          [
            -84.83409209176898,
            48.033160557970405,
            312.085205078125
          ],
          [
            -84.83325138688087,
            48.032437870278955,
            309.201171875
          ],
          [
            -84.8328478820622,
            48.032067473977804,
            306.7978515625
          ],
          [
            -84.83164214529097,
            48.03092091344297,
            302.9525146484375
          ],
          [
            -84.83141893520951,
            48.03074304945767,
            302.9525146484375
          ],
          [
            -84.83037580735981,
            48.029925310984254,
            300.0687255859375
          ],
          [
            -84.82963300310075,
            48.02925475873053,
            296.7041015625
          ],
          [
            -84.82955471612513,
            48.02918476983905,
            296.2235107421875
          ],
          [
            -84.82943284325302,
            48.02907647565007,
            296.2235107421875
          ],
          [
            -84.82939613051713,
            48.028927613049746,
            296.2235107421875
          ],
          [
            -84.8293749243021,
            48.02868311293423,
            297.6654052734375
          ],
          [
            -84.82935070060194,
            48.02861521951854,
            297.1846923828125
          ],
          [
            -84.8293421510607,
            48.028618823736906,
            296.7041015625
          ],
          [
            -84.82916202396154,
            48.02840290591121,
            298.1461181640625
          ],
          [
            -84.82905683107674,
            48.028205428272486,
            297.6654052734375
          ],
          [
            -84.82881157658994,
            48.02818229421973,
            295.74267578125
          ],
          [
            -84.82843288220465,
            48.028017254546285,
            296.7041015625
          ],
          [
            -84.82746661640704,
            48.02713690325618,
            299.1072998046875
          ],
          [
            -84.82688700780272,
            48.0266054905951,
            301.0299072265625
          ],
          [
            -84.82575662434101,
            48.02550653927028,
            304.3946533203125
          ],
          [
            -84.82481030747294,
            48.024612525478005,
            307.278564453125
          ],
          [
            -84.82441803440452,
            48.02423056215048,
            308.2398681640625
          ],
          [
            -84.82340759597719,
            48.022749815136194,
            309.201171875
          ],
          [
            -84.82311230152845,
            48.0220397002995,
            311.6044921875
          ],
          [
            -84.8229284863919,
            48.02131751552224,
            313.5272216796875
          ],
          [
            -84.8228560667485,
            48.019850347191095,
            314.9691162109375
          ],
          [
            -84.82339477166533,
            48.01819659769535,
            316.8917236328125
          ],
          [
            -84.82432977296412,
            48.01491499878466,
            316.8917236328125
          ],
          [
            -84.8251252155751,
            48.01209859549999,
            315.930419921875
          ],
          [
            -84.82543878257275,
            48.01081138662994,
            317.3724365234375
          ],
          [
            -84.82543366961181,
            48.00872320309281,
            316.8917236328125
          ],
          [
            -84.82484148815274,
            48.00681849941611,
            316.8917236328125
          ],
          [
            -84.82464803382754,
            48.00628591328859,
            317.85302734375
          ],
          [
            -84.82377941720188,
            48.00420711748302,
            319.2950439453125
          ],
          [
            -84.82326091267169,
            48.00292837433517,
            317.85302734375
          ],
          [
            -84.82232607901096,
            48.000654531642795,
            316.8917236328125
          ],
          [
            -84.82190706767142,
            47.999664628878236,
            314.9691162109375
          ],
          [
            -84.8210356850177,
            47.997490614652634,
            315.4498291015625
          ],
          [
            -84.82022138312459,
            47.99565305002034,
            317.3724365234375
          ],
          [
            -84.81895605102181,
            47.99388178624213,
            317.85302734375
          ],
          [
            -84.81722108088434,
            47.99252073280513,
            318.8143310546875
          ],
          [
            -84.81637903489172,
            47.99201865680516,
            315.4498291015625
          ],
          [
            -84.81547504663467,
            47.9915726557374,
            314.0078125
          ],
          [
            -84.81459436006844,
            47.99113973043859,
            310.64306640625
          ],
          [
            -84.81317538768053,
            47.99043950624764,
            306.7978515625
          ],
          [
            -84.81259561143816,
            47.99016675911844,
            304.875244140625
          ],
          [
            -84.81112123467028,
            47.989451279863715,
            301.0299072265625
          ],
          [
            -84.81083583086729,
            47.989306692034006,
            301.0299072265625
          ],
          [
            -84.80999395251274,
            47.9888613615185,
            298.1461181640625
          ],
          [
            -84.80970502831042,
            47.98871560022235,
            298.1461181640625
          ],
          [
            -84.80881394818425,
            47.988280076533556,
            296.2235107421875
          ],
          [
            -84.80743914842606,
            47.98755009658635,
            292.8587646484375
          ],
          [
            -84.80663448572159,
            47.98710610717535,
            290.9361572265625
          ],
          [
            -84.80576486326754,
            47.986655831336975,
            287.5714111328125
          ],
          [
            -84.80516195297241,
            47.98637210391462,
            286.1295166015625
          ],
          [
            -84.8046011198312,
            47.98606180585921,
            281.8035888671875
          ],
          [
            -84.80432242155075,
            47.9859032202512,
            281.322998046875
          ],
          [
            -84.80377332307398,
            47.985616475343704,
            277.4776611328125
          ],
          [
            -84.80265651829541,
            47.985012056306005,
            274.113037109375
          ],
          [
            -84.80020900256932,
            47.98369794152677,
            272.671142578125
          ],
          [
            -84.79740768671036,
            47.98219489865005,
            273.15185546875
          ],
          [
            -84.79493703693151,
            47.980909533798695,
            272.1904296875
          ],
          [
            -84.79262438602746,
            47.97973154112697,
            271.709716796875
          ],
          [
            -84.79035439901054,
            47.978464448824525,
            272.1904296875
          ],
          [
            -84.78958083316684,
            47.97806337475777,
            272.1904296875
          ],
          [
            -84.78705863468349,
            47.97678203321993,
            272.671142578125
          ],
          [
            -84.78521629236639,
            47.97554603777826,
            275.5550537109375
          ],
          [
            -84.78487062267959,
            47.97515225596726,
            276.516357421875
          ],
          [
            -84.78444457054138,
            47.97455026768148,
            279.880859375
          ],
          [
            -84.78420635685325,
            47.973931515589356,
            284.6876220703125
          ],
          [
            -84.78410116396844,
            47.97330086119473,
            286.1295166015625
          ],
          [
            -84.7840944584459,
            47.97270976938307,
            289.494140625
          ],
          [
            -84.7841118928045,
            47.972136279568076,
            290.9361572265625
          ],
          [
            -84.78413888253272,
            47.9719486925751,
            291.8974609375
          ],
          [
            -84.78427391499281,
            47.97156396321952,
            292.8587646484375
          ],
          [
            -84.78453375399113,
            47.971069598570466,
            294.7813720703125
          ],
          [
            -84.78490683250129,
            47.97042570076883,
            313.5272216796875
          ],
          [
            -84.78497950360179,
            47.97032503411174,
            313.5272216796875
          ],
          [
            -84.78549096733332,
            47.96972799114883,
            314.4884033203125
          ],
          [
            -84.78593101724982,
            47.96930713579059,
            317.85302734375
          ],
          [
            -84.78774175979197,
            47.96764542348683,
            320.25634765625
          ],
          [
            -84.78830485604703,
            47.96713136136532,
            321.6983642578125
          ],
          [
            -84.78882101364434,
            47.966659124940634,
            317.85302734375
          ],
          [
            -84.78915067389607,
            47.966363076120615,
            315.930419921875
          ],
          [
            -84.78959348984063,
            47.965979017317295,
            311.6044921875
          ],
          [
            -84.78984410874546,
            47.96578472480178,
            310.64306640625
          ],
          [
            -84.79038373567164,
            47.965282732620835,
            303.4332275390625
          ],
          [
            -84.79049856774509,
            47.965168822556734,
            304.875244140625
          ],
          [
            -84.79075932875276,
            47.96493815258145,
            306.3172607421875
          ],
          [
            -84.79163800366223,
            47.96417120844126,
            306.7978515625
          ],
          [
            -84.79230545461178,
            47.9635906778276,
            306.3172607421875
          ],
          [
            -84.79265841655433,
            47.96327191404998,
            307.75927734375
          ],
          [
            -84.79418015107512,
            47.96191865578294,
            311.6044921875
          ],
          [
            -84.79457896202803,
            47.96156091615558,
            306.7978515625
          ],
          [
            -84.79478096589446,
            47.96138263307512,
            306.7978515625
          ],
          [
            -84.7957026399672,
            47.96048912219703,
            304.875244140625
          ],
          [
            -84.79637939482927,
            47.959610279649496,
            302.471923828125
          ],
          [
            -84.79697325266898,
            47.95861216261983,
            299.1072998046875
          ],
          [
            -84.7972497716546,
            47.95814076438546,
            284.6876220703125
          ],
          [
            -84.7974535357207,
            47.95769996009767,
            288.532958984375
          ],
          [
            -84.79759929701686,
            47.95739754103124,
            291.416748046875
          ],
          [
            -84.79786206968129,
            47.9568627756089,
            296.7041015625
          ],
          [
            -84.79815568774939,
            47.9562546685338,
            300.0687255859375
          ],
          [
            -84.79871291667223,
            47.955204248428345,
            292.378173828125
          ],
          [
            -84.7996679507196,
            47.95365611091256,
            288.532958984375
          ],
          [
            -84.80003390461206,
            47.95324271544814,
            283.7261962890625
          ],
          [
            -84.800247810781,
            47.953042555600405,
            283.24560546875
          ],
          [
            -84.8006690852344,
            47.952643409371376,
            279.880859375
          ],
          [
            -84.80112631805241,
            47.9522520583123,
            278.43896484375
          ],
          [
            -84.80135791003704,
            47.95205835253,
            275.074462890625
          ],
          [
            -84.80182360857725,
            47.95166649855673,
            270.7484130859375
          ],
          [
            -84.80204815976322,
            47.951470110565424,
            270.7484130859375
          ],
          [
            -84.80300185270607,
            47.950699562206864,
            266.9031982421875
          ],
          [
            -84.80321114882827,
            47.95050526969135,
            266.9031982421875
          ],
          [
            -84.80450741015375,
            47.94941905885935,
            263.057861328125
          ],
          [
            -84.80536714196205,
            47.94870575889945,
            264.9805908203125
          ],
          [
            -84.80579168535769,
            47.948352713137865,
            260.1739501953125
          ],
          [
            -84.805988073349,
            47.94818046502769,
            260.654541015625
          ],
          [
            -84.80637347325683,
            47.947850385680795,
            256.809326171875
          ],
          [
            -84.80655318126082,
            47.94769733212888,
            256.809326171875
          ],
          [
            -84.80703983455896,
            47.947292821481824,
            252.9639892578125
          ],
          [
            -84.80784843675792,
            47.94662218540907,
            254.406005859375
          ],
          [
            -84.80922935530543,
            47.94527353718877,
            253.4447021484375
          ],
          [
            -84.8095104843378,
            47.94486701488495,
            251.0413818359375
          ],
          [
            -84.81011716648936,
            47.94322139583528,
            247.6767578125
          ],
          [
            -84.81014834716916,
            47.94296231120825,
            248.63818359375
          ],
          [
            -84.81040659360588,
            47.94095425866544,
            245.2734375
          ],
          [
            -84.81043064966798,
            47.94070338830352,
            239.9862060546875
          ],
          [
            -84.81052645482123,
            47.93998187407851,
            236.6217041015625
          ],
          [
            -84.81077740900218,
            47.93807616457343,
            232.7764892578125
          ],
          [
            -84.81088226661086,
            47.93735674582422,
            230.853759765625
          ],
          [
            -84.81106138788164,
            47.935984041541815,
            226.52783203125
          ],
          [
            -84.81109793297946,
            47.935612723231316,
            223.1632080078125
          ],
          [
            -84.81115576811135,
            47.935190945863724,
            219.3179931640625
          ],
          [
            -84.81116943061352,
            47.93508223257959,
            218.8372802734375
          ],
          [
            -84.8112362343818,
            47.934411177411675,
            219.798583984375
          ],
          [
            -84.81120907701552,
            47.93297175318003,
            216.9146728515625
          ]
        ]
      },
      "properties": {
        "feature_type": "track",
        "name": "Highway 17",
        "desc": "",
        "segment": 0,
        "point_count": 433
      }
    },
    {
      "type": "Feature",
      "geometry": {
        "type": "LineString",
        "coordinates": [
          [
            -84.88672642037272,
            48.28027004376054,
            460.128173828125
          ],
          [
            -84.88648535683751,
            48.280703807249665,
            458.6861572265625
          ],
          [
            -84.88549754954875,
            48.281549625098705,
            457.7249755859375
          ],
          [
            -84.88465164788067,
            48.28221648931503,
            453.879638671875
          ],
          [
            -84.88410883583128,
            48.282699873670936,
            451.95703125
          ],
          [
            -84.88321230746806,
            48.28364836983383,
            448.5924072265625
          ],
          [
            -84.8811274766922,
            48.28641322441399,
            447.1502685546875
          ],
          [
            -84.88058667629957,
            48.28756238333881,
            443.7857666015625
          ],
          [
            -84.8803761228919,
            48.28801768831909,
            442.3438720703125
          ],
          [
            -84.87992970272899,
            48.28916626051068,
            438.49853515625
          ],
          [
            -84.87968335859478,
            48.289853408932686,
            437.0565185546875
          ],
          [
            -84.87951287068427,
            48.2902966439724,
            436.09521484375
          ],
          [
            -84.8782420065254,
            48.29154412262142,
            438.49853515625
          ],
          [
            -84.87693417817354,
            48.29252396710217,
            438.9791259765625
          ],
          [
            -84.8763182759285,
            48.29349727369845,
            439.459716796875
          ],
          [
            -84.87632129341364,
            48.295178934931755,
            439.459716796875
          ],
          [
            -84.87564981915057,
            48.296825559809804,
            442.3438720703125
          ],
          [
            -84.87532099708915,
            48.29745830968022,
            445.7083740234375
          ],
          [
            -84.8751094378531,
            48.29789115116,
            446.669677734375
          ],
          [
            -84.8748293146491,
            48.298532366752625,
            449.5537109375
          ],
          [
            -84.87459897994995,
            48.29940190538764,
            451.476318359375
          ],
          [
            -84.87433838658035,
            48.30194505862892,
            451.476318359375
          ],
          [
            -84.87424995750189,
            48.30315113067627,
            448.11181640625
          ],
          [
            -84.87397871911526,
            48.30494091846049,
            449.072998046875
          ],
          [
            -84.87328302115202,
            48.30641730688512,
            449.072998046875
          ],
          [
            -84.87256879918277,
            48.307202104479074,
            446.669677734375
          ],
          [
            -84.87054850906134,
            48.30874931998551,
            450.034423828125
          ],
          [
            -84.8695763759315,
            48.3094388153404,
            452.4376220703125
          ],
          [
            -84.86695200204849,
            48.3114989195019,
            456.7635498046875
          ],
          [
            -84.86465175636113,
            48.31298980861902,
            457.2442626953125
          ],
          [
            -84.86315877176821,
            48.313915422186255,
            453.879638671875
          ],
          [
            -84.86270254477859,
            48.31427299417555,
            451.95703125
          ],
          [
            -84.86227934248745,
            48.31462017260492,
            450.99560546875
          ],
          [
            -84.86109833233058,
            48.31605825573206,
            449.5537109375
          ]
        ]
      },
      "properties": {
        "feature_type": "track",
        "name": "Highway 519",
        "desc": "",
        "segment": 0,
        "point_count": 34
      }
    },
    {
      "type": "Feature",
      "geometry": {
        "type": "LineString",
        "coordinates": [
          [
            -84.60568313486874,
            48.10679515823722,
            356.786376953125
          ],
          [
            -84.6058944426477,
            48.106711423024535,
            356.786376953125
          ],
          [
            -84.6060913335532,
            48.10672391206026,
            356.3057861328125
          ],
          [
            -84.6063812635839,
            48.106697173789144,
            355.8251953125
          ],
          [
            -84.60637489333749,
            48.10663657262921,
            355.8251953125
          ],
          [
            -84.6066767256707,
            48.10647865757346,
            355.344482421875
          ],
          [
            -84.60702675394714,
            48.10638930648565,
            355.8251953125
          ],
          [
            -84.6072394028306,
            48.106310684233904,
            355.8251953125
          ],
          [
            -84.607396395877,
            48.10629283078015,
            355.8251953125
          ],
          [
            -84.60763670504093,
            48.106221836060286,
            355.344482421875
          ],
          [
            -84.60786502808332,
            48.1061536911875,
            354.86376953125
          ],
          [
            -84.60797273553908,
            48.10610935091972,
            354.86376953125
          ],
          [
            -84.60814515128732,
            48.10605788603425,
            355.344482421875
          ],
          [
            -84.60835528559983,
            48.10603550635278,
            355.344482421875
          ],
          [
            -84.60849182680249,
            48.106021508574486,
            354.86376953125
          ],
          [
            -84.60869919508696,
            48.1059380248189,
            355.344482421875
          ],
          [
            -84.60899281315506,
            48.1058671977371,
            354.86376953125
          ],
          [
            -84.60928676649928,
            48.105820175260305,
            355.344482421875
          ],
          [
            -84.60954392328858,
            48.105747336521745,
            354.3831787109375
          ],
          [
            -84.60992245003581,
            48.10563954524696,
            354.86376953125
          ],
          [
            -84.61022411473095,
            48.105557318776846,
            354.86376953125
          ],
          [
            -84.61068394593894,
            48.10544156469405,
            354.86376953125
          ],
          [
            -84.61109700612724,
            48.105390686541796,
            354.86376953125
          ],
          [
            -84.61144133470953,
            48.105359338223934,
            355.344482421875
          ],
          [
            -84.61171366274357,
            48.105256240814924,
            354.86376953125
          ],
          [
            -84.61205237545073,
            48.10507410205901,
            354.86376953125
          ],
          [
            -84.61245160549879,
            48.10499254614115,
            354.86376953125
          ],
          [
            -84.61268428713083,
            48.10517208650708,
            354.86376953125
          ],
          [
            -84.61291369982064,
            48.10552739538252,
            355.344482421875
          ],
          [
            -84.61313095875084,
            48.10575018636882,
            355.344482421875
          ],
          [
            -84.6135473717004,
            48.10596308670938,
            355.344482421875
          ],
          [
            -84.61377963423729,
            48.10611555352807,
            355.344482421875
          ],
          [
            -84.6141176763922,
            48.10622753575444,
            355.344482421875
          ],
          [
            -84.61425941437483,
            48.106219824403524,
            355.344482421875
          ],
          [
            -84.61441380903125,
            48.106210520491004,
            355.8251953125
          ],
          [
            -84.61460969410837,
            48.106275564059615,
            356.3057861328125
          ],
          [
            -84.61456845514476,
            48.106342032551765,
            356.3057861328125
          ],
          [
            -84.61476081982255,
            48.10636474750936,
            355.8251953125
          ],
          [
            -84.61514730937779,
            48.10621504671872,
            356.3057861328125
          ],
          [
            -84.61548702791333,
            48.106114296242595,
            356.3057861328125
          ],
          [
            -84.61583596654236,
            48.10607364401221,
            356.3057861328125
          ],
          [
            -84.61594359017909,
            48.106049252673984,
            356.3057861328125
          ],
          [
            -84.61592330597341,
            48.1059155613184,
            356.3057861328125
          ],
          [
            -84.6162018366158,
            48.10573501512408,
            356.786376953125
          ],
          [
            -84.61640526540577,
            48.10562060214579,
            356.786376953125
          ],
          [
            -84.61668446660042,
            48.105552457273006,
            356.786376953125
          ],
          [
            -84.61679359897971,
            48.10544868931174,
            356.786376953125
          ],
          [
            -84.61679309606552,
            48.105316339060664,
            356.786376953125
          ],
          [
            -84.6166632603854,
            48.10516898520291,
            356.3057861328125
          ],
          [
            -84.61655974388123,
            48.105063205584884,
            356.3057861328125
          ],
          [
            -84.61633091792464,
            48.10486128553748,
            356.3057861328125
          ],
          [
            -84.6163035929203,
            48.10483446344733,
            356.786376953125
          ],
          [
            -84.61592892184854,
            48.10465634800494,
            356.3057861328125
          ],
          [
            -84.61564527824521,
            48.10442961752415,
            356.3057861328125
          ],
          [
            -84.61531536653638,
            48.10410423204303,
            356.3057861328125
          ],
          [
            -84.6153294481337,
            48.10381698422134,
            356.3057861328125
          ],
          [
            -84.61529055610299,
            48.103634007275105,
            356.3057861328125
          ],
          [
            -84.6154372394085,
            48.103590086102486,
            356.786376953125
          ],
          [
            -84.61559892632067,
            48.10349981300533,
            356.786376953125
          ],
          [
            -84.6156407520175,
            48.103458154946566,
            356.786376953125
          ],
          [
            -84.6156547497958,
            48.10346905142069,
            356.786376953125
          ],
          [
            -84.61571300402284,
            48.103433679789305,
            356.786376953125
          ],
          [
            -84.61575902067125,
            48.10337659902871,
            356.786376953125
          ],
          [
            -84.61580101400614,
            48.10331407003105,
            356.786376953125
          ],
          [
            -84.61587720550597,
            48.10324961319566,
            357.26708984375
          ],
          [
            -84.61590302176774,
            48.10321407392621,
            357.26708984375
          ],
          [
            -84.61595616303384,
            48.10312916524708,
            357.26708984375
          ],
          [
            -84.61599606089294,
            48.103051129728556,
            357.26708984375
          ],
          [
            -84.61598533205688,
            48.102993378415704,
            357.26708984375
          ],
          [
            -84.61598281748593,
            48.102942081168294,
            356.786376953125
          ],
          [
            -84.61595079861581,
            48.10287745669484,
            356.786376953125
          ],
          [
            -84.61594593711197,
            48.10281191021204,
            357.26708984375
          ],
          [
            -84.61594359017909,
            48.1027156021446,
            357.26708984375
          ],
          [
            -84.61589707061648,
            48.10260630212724,
            357.26708984375
          ],
          [
            -84.61586547084153,
            48.102528266608715,
            357.26708984375
          ],
          [
            -84.61582842282951,
            48.102492643520236,
            357.26708984375
          ],
          [
            -84.61590142920613,
            48.10242969542742,
            357.26708984375
          ],
          [
            -84.61597594432533,
            48.10239616781473,
            357.26708984375
          ],
          [
            -84.61608096957207,
            48.102417793124914,
            357.26708984375
          ],
          [
            -84.61615749634802,
            48.102491134777665,
            357.26708984375
          ],
          [
            -84.61613117717206,
            48.10251988470554,
            357.747802734375
          ],
          [
            -84.61623159237206,
            48.10266614891589,
            357.747802734375
          ],
          [
            -84.61624458432198,
            48.1026828289032,
            357.26708984375
          ],
          [
            -84.61612958461046,
            48.102822471410036,
            357.747802734375
          ],
          [
            -84.61598415859044,
            48.102848371490836,
            357.747802734375
          ],
          [
            -84.61591458879411,
            48.10275508090854,
            357.747802734375
          ],
          [
            -84.61582783609629,
            48.10267302207649,
            357.747802734375
          ],
          [
            -84.61581300012767,
            48.10263899154961,
            357.747802734375
          ],
          [
            -84.61579229682684,
            48.102598674595356,
            357.747802734375
          ],
          [
            -84.61577016860247,
            48.102558022364974,
            357.747802734375
          ],
          [
            -84.6157652232796,
            48.102524830028415,
            357.747802734375
          ],
          [
            -84.61574376560748,
            48.10242969542742,
            357.747802734375
          ],
          [
            -84.61577033624053,
            48.10243480838835,
            358.2283935546875
          ],
          [
            -84.61580906063318,
            48.10249130241573,
            358.708984375
          ],
          [
            -84.61605238728225,
            48.10268433764577,
            358.2283935546875
          ],
          [
            -84.61627501063049,
            48.10279816389084,
            358.708984375
          ],
          [
            -84.61639394983649,
            48.102859519422054,
            358.2283935546875
          ],
          [
            -84.61662696674466,
            48.10291148722172,
            358.2283935546875
          ],
          [
            -84.6169325709343,
            48.10282850638032,
            358.708984375
          ],
          [
            -84.61716533638537,
            48.10278198681772,
            358.708984375
          ],
          [
            -84.61748233996332,
            48.10274443589151,
            359.189697265625
          ],
          [
            -84.61770362220705,
            48.102720296010375,
            359.189697265625
          ],
          [
            -84.61805180646479,
            48.10281425714493,
            358.708984375
          ],
          [
            -84.61824609898031,
            48.10285407118499,
            358.708984375
          ],
          [
            -84.61861917749047,
            48.102884916588664,
            358.2283935546875
          ],
          [
            -84.61891321465373,
            48.10277662239969,
            358.2283935546875
          ],
          [
            -84.61925628595054,
            48.10267738066614,
            357.747802734375
          ],
          [
            -84.61964252404869,
            48.10263848863542,
            357.747802734375
          ],
          [
            -84.61976431310177,
            48.10260538011789,
            358.2283935546875
          ],
          [
            -84.62013076990843,
            48.102550730109215,
            357.747802734375
          ],
          [
            -84.62054818868637,
            48.10253664851189,
            357.747802734375
          ],
          [
            -84.62094222195446,
            48.10242164880037,
            358.2283935546875
          ],
          [
            -84.62124606594443,
            48.102219477295876,
            357.747802734375
          ],
          [
            -84.62171151302755,
            48.1020887196064,
            357.747802734375
          ],
          [
            -84.62208056822419,
            48.10196558944881,
            357.747802734375
          ],
          [
            -84.62238156236708,
            48.10191026888788,
            357.747802734375
          ],
          [
            -84.62278255261481,
            48.10182619839907,
            357.747802734375
          ],
          [
            -84.62318815290928,
            48.10183374211192,
            357.747802734375
          ],
          [
            -84.62336601689458,
            48.10179082676768,
            357.747802734375
          ],
          [
            -84.62342913262546,
            48.101860312744975,
            357.747802734375
          ],
          [
            -84.62371629662812,
            48.10174606740475,
            357.747802734375
          ],
          [
            -84.62421661242843,
            48.101504584774375,
            357.747802734375
          ],
          [
            -84.62456043809652,
            48.10131917707622,
            357.26708984375
          ],
          [
            -84.62492303922772,
            48.10112874023616,
            357.26708984375
          ],
          [
            -84.62526108138263,
            48.10094869695604,
            357.26708984375
          ],
          [
            -84.62533635087311,
            48.100921707227826,
            357.26708984375
          ],
          [
            -84.62535755708814,
            48.100738395005465,
            357.26708984375
          ],
          [
            -84.62548261508346,
            48.10051744803786,
            357.747802734375
          ],
          [
            -84.62583012878895,
            48.100358778610826,
            357.26708984375
          ],
          [
            -84.62614411488175,
            48.100147722288966,
            357.26708984375
          ],
          [
            -84.62652037851512,
            48.09995820745826,
            357.26708984375
          ],
          [
            -84.62669639848173,
            48.09970918111503,
            357.26708984375
          ],
          [
            -84.62690929882228,
            48.099487479776144,
            357.26708984375
          ],
          [
            -84.62731179781258,
            48.09929612092674,
            357.26708984375
          ],
          [
            -84.62742486968637,
            48.099237782880664,
            357.26708984375
          ],
          [
            -84.62758655659854,
            48.09925387613475,
            357.26708984375
          ],
          [
            -84.62765369564295,
            48.09922051616013,
            357.747802734375
          ],
          [
            -84.62765679694712,
            48.09914859943092,
            357.26708984375
          ],
          [
            -84.62784999981523,
            48.098976854234934,
            357.26708984375
          ],
          [
            -84.62812651880085,
            48.09881055727601,
            357.26708984375
          ],
          [
            -84.62838367559016,
            48.09870494529605,
            357.26708984375
          ],
          [
            -84.62854016572237,
            48.098584078252316,
            357.26708984375
          ],
          [
            -84.628771757707,
            48.0984344612807,
            357.26708984375
          ],
          [
            -84.62899656035006,
            48.09828442521393,
            356.786376953125
          ],
          [
            -84.62899161502719,
            48.09815417043865,
            356.786376953125
          ],
          [
            -84.62887016125023,
            48.09805568307638,
            357.26708984375
          ],
          [
            -84.62862079963088,
            48.098047552630305,
            356.786376953125
          ],
          [
            -84.62830848991871,
            48.09807429090142,
            357.26708984375
          ],
          [
            -84.62808980606496,
            48.098174622282386,
            357.26708984375
          ],
          [
            -84.62787246331573,
            48.098220471292734,
            357.747802734375
          ],
          [
            -84.62780716829002,
            48.09820798225701,
            357.26708984375
          ],
          [
            -84.62767791934311,
            48.0983139295131,
            357.26708984375
          ],
          [
            -84.6275391150266,
            48.09840110130608,
            357.747802734375
          ],
          [
            -84.62732705287635,
            48.0985348764807,
            357.747802734375
          ],
          [
            -84.62713594548404,
            48.09870645403862,
            357.747802734375
          ],
          [
            -84.6268615219742,
            48.09883679263294,
            357.747802734375
          ],
          [
            -84.62663646787405,
            48.098962688818574,
            357.747802734375
          ],
          [
            -84.62626724503934,
            48.0991046782583,
            358.2283935546875
          ],
          [
            -84.62591570802033,
            48.099230574443936,
            358.2283935546875
          ],
          [
            -84.62551957927644,
            48.099329732358456,
            358.2283935546875
          ],
          [
            -84.62531204335392,
            48.09940340928733,
            358.2283935546875
          ],
          [
            -84.6250382065773,
            48.09943802654743,
            358.2283935546875
          ],
          [
            -84.62491138838232,
            48.09953366406262,
            358.2283935546875
          ],
          [
            -84.62493393570185,
            48.099546153098345,
            358.2283935546875
          ],
          [
            -84.6249227039516,
            48.099527042359114,
            358.2283935546875
          ],
          [
            -84.62493133731186,
            48.09953718446195,
            358.2283935546875
          ],
          [
            -84.62495665065944,
            48.09949426911771,
            357.747802734375
          ],
          [
            -84.62494667619467,
            48.099495861679316,
            357.747802734375
          ],
          [
            -84.62496469728649,
            48.09949552640319,
            357.747802734375
          ],
          [
            -84.62496151216328,
            48.0994759965688,
            357.26708984375
          ],
          [
            -84.62482128292322,
            48.09941556304693,
            357.26708984375
          ],
          [
            -84.62446320801973,
            48.099328726530075,
            357.26708984375
          ],
          [
            -84.62442649528384,
            48.099254881963134,
            357.26708984375
          ],
          [
            -84.62443085387349,
            48.09919662773609,
            356.786376953125
          ],
          [
            -84.62456345558167,
            48.09877384454012,
            354.3831787109375
          ],
          [
            -84.62453068234026,
            48.09862053953111,
            353.902587890625
          ],
          [
            -84.62454518303275,
            48.09849791228771,
            353.902587890625
          ],
          [
            -84.62453822605312,
            48.09841174632311,
            353.902587890625
          ],
          [
            -84.62451182305813,
            48.09833035804331,
            353.421875
          ],
          [
            -84.6244578436017,
            48.098256681114435,
            352.941162109375
          ],
          [
            -84.6245130803436,
            48.098158445209265,
            352.941162109375
          ],
          [
            -84.62450729683042,
            48.097987370565534,
            352.941162109375
          ],
          [
            -84.62439766153693,
            48.09798703528941,
            352.4605712890625
          ],
          [
            -84.62439514696598,
            48.097985442727804,
            353.421875
          ],
          [
            -84.62437544949353,
            48.097990807145834,
            352.4605712890625
          ],
          [
            -84.62438944727182,
            48.09798661619425,
            352.4605712890625
          ],
          [
            -84.62438969872892,
            48.097986951470375,
            351.9798583984375
          ],
          [
            -84.62441191077232,
            48.0979838501662,
            351.0184326171875
          ],
          [
            -84.624511487782,
            48.09797940775752,
            351.0184326171875
          ],
          [
            -84.62463017553091,
            48.098019221797585,
            351.0184326171875
          ],
          [
            -84.62480150163174,
            48.098160373046994,
            351.0184326171875
          ],
          [
            -84.62503200396895,
            48.09833379462361,
            351.0184326171875
          ],
          [
            -84.62508648633957,
            48.09842113405466,
            351.4991455078125
          ],
          [
            -84.62509486824274,
            48.098423313349485,
            351.4991455078125
          ],
          [
            -84.62529838085175,
            48.098358605057,
            351.4991455078125
          ],
          [
            -84.62545537389815,
            48.09822449460626,
            351.4991455078125
          ],
          [
            -84.62571387179196,
            48.098025089129806,
            351.9798583984375
          ],
          [
            -84.62595946155488,
            48.097888799384236,
            351.9798583984375
          ],
          [
            -84.62625651620328,
            48.097716802731156,
            351.9798583984375
          ],
          [
            -84.62636221200228,
            48.09768998064101,
            351.9798583984375
          ],
          [
            -84.62650956586003,
            48.097651759162545,
            351.9798583984375
          ],
          [
            -84.62658097967505,
            48.09762057848275,
            351.9798583984375
          ],
          [
            -84.62669723667204,
            48.09746232815087,
            351.9798583984375
          ],
          [
            -84.6268411539495,
            48.09730181470513,
            351.9798583984375
          ],
          [
            -84.6270139887929,
            48.0971410498023,
            351.4991455078125
          ],
          [
            -84.62736460380256,
            48.096974082291126,
            351.4991455078125
          ],
          [
            -84.62758496403694,
            48.09667660854757,
            351.0184326171875
          ],
          [
            -84.62781613692641,
            48.0965196993202,
            351.0184326171875
          ],
          [
            -84.62807924486697,
            48.09621602296829,
            351.0184326171875
          ],
          [
            -84.62823120877147,
            48.09604788199067,
            350.537841796875
          ],
          [
            -84.62842013686895,
            48.09581612236798,
            350.537841796875
          ],
          [
            -84.62865499779582,
            48.09563825838268,
            350.537841796875
          ],
          [
            -84.62901986204088,
            48.095439691096544,
            350.537841796875
          ],
          [
            -84.62940827943385,
            48.09528068639338,
            350.537841796875
          ],
          [
            -84.6296351775527,
            48.095116736367345,
            350.0572509765625
          ],
          [
            -84.6298251952976,
            48.09493367560208,
            350.0572509765625
          ],
          [
            -84.62993684224784,
            48.0947997327894,
            350.0572509765625
          ],
          [
            -84.63011403568089,
            48.09460200369358,
            349.5765380859375
          ],
          [
            -84.63040178641677,
            48.09441290795803,
            349.5765380859375
          ],
          [
            -84.63072189129889,
            48.09417829848826,
            349.5765380859375
          ],
          [
            -84.63094350881875,
            48.09396120719612,
            349.5765380859375
          ],
          [
            -84.63108541443944,
            48.09383673593402,
            349.5765380859375
          ],
          [
            -84.63124978356063,
            48.093644035980105,
            349.5765380859375
          ],
          [
            -84.6314589958638,
            48.09345041401684,
            349.5765380859375
          ],
          [
            -84.63178044185042,
            48.093281518667936,
            349.5765380859375
          ],
          [
            -84.63202578015625,
            48.09314480982721,
            349.5765380859375
          ],
          [
            -84.6323224157095,
            48.09293618425727,
            349.5765380859375
          ],
          [
            -84.63253766298294,
            48.092894442379475,
            349.5765380859375
          ],
          [
            -84.63265718892217,
            48.09285270050168,
            349.5765380859375
          ],
          [
            -84.63272424414754,
            48.092795284464955,
            349.5765380859375
          ],
          [
            -84.63275676593184,
            48.09273309074342,
            349.5765380859375
          ],
          [
            -84.63283865712583,
            48.09261817485094,
            349.5765380859375
          ],
          [
            -84.63301694020629,
            48.09247920289636,
            350.0572509765625
          ],
          [
            -84.63316001929343,
            48.092338386923075,
            349.5765380859375
          ],
          [
            -84.63307226076722,
            48.09228423982859,
            349.5765380859375
          ],
          [
            -84.63294829241931,
            48.09226647019386,
            349.5765380859375
          ],
          [
            -84.63281510397792,
            48.092297902330756,
            350.0572509765625
          ],
          [
            -84.63266925886273,
            48.09240812435746,
            350.0572509765625
          ],
          [
            -84.63248007930815,
            48.09257819317281,
            350.0572509765625
          ],
          [
            -84.6323031373322,
            48.092720936983824,
            350.0572509765625
          ],
          [
            -84.6320945955813,
            48.0929087754339,
            350.0572509765625
          ],
          [
            -84.63187188841403,
            48.09314439073205,
            350.537841796875
          ],
          [
            -84.6315900888294,
            48.09335662052035,
            350.0572509765625
          ],
          [
            -84.63132999837399,
            48.09361360967159,
            350.0572509765625
          ],
          [
            -84.63110796175897,
            48.09377973899245,
            350.0572509765625
          ],
          [
            -84.63091584853828,
            48.09397201985121,
            350.0572509765625
          ],
          [
            -84.63067897595465,
            48.09418324381113,
            350.0572509765625
          ],
          [
            -84.63041712529957,
            48.094387175515294,
            350.0572509765625
          ],
          [
            -84.63019399903715,
            48.09454592876136,
            350.537841796875
          ],
          [
            -84.62991270236671,
            48.09476469643414,
            350.537841796875
          ],
          [
            -84.62968982756138,
            48.094889502972364,
            350.537841796875
          ],
          [
            -84.6294898353517,
            48.09507558122277,
            350.537841796875
          ],
          [
            -84.62931674905121,
            48.095259480178356,
            350.0572509765625
          ],
          [
            -84.62900904938579,
            48.0954075884074,
            350.0572509765625
          ],
          [
            -84.62870637886226,
            48.095579501241446,
            350.537841796875
          ],
          [
            -84.62846104055643,
            48.095755437389016,
            350.537841796875
          ],
          [
            -84.62833455763757,
            48.09595744125545,
            350.537841796875
          ],
          [
            -84.62821025401354,
            48.096136981621385,
            350.537841796875
          ],
          [
            -84.62799576111138,
            48.09634133242071,
            351.0184326171875
          ],
          [
            -84.6278079226613,
            48.096447279676795,
            351.0184326171875
          ],
          [
            -84.62762276642025,
            48.096640817821026,
            351.4991455078125
          ],
          [
            -84.62743400596082,
            48.096824465319514,
            351.4991455078125
          ],
          [
            -84.6272087842226,
            48.096971064805984,
            351.4991455078125
          ],
          [
            -84.62697643786669,
            48.097111796960235,
            351.4991455078125
          ],
          [
            -84.62673713453114,
            48.09729150496423,
            351.4991455078125
          ],
          [
            -84.62637252174318,
            48.097484121099114,
            351.4991455078125
          ],
          [
            -84.62601159699261,
            48.09762183576822,
            351.4991455078125
          ],
          [
            -84.62563717737794,
            48.097764579579234,
            351.0184326171875
          ],
          [
            -84.6252525318414,
            48.09793347492814,
            351.4991455078125
          ],
          [
            -84.62495095096529,
            48.098149728029966,
            351.4991455078125
          ],
          [
            -84.62467283941805,
            48.098356844857335,
            351.4991455078125
          ],
          [
            -84.62439514696598,
            48.09843856841326,
            351.4991455078125
          ],
          [
            -84.62414662353694,
            48.09853839688003,
            351.4991455078125
          ],
          [
            -84.62394068017602,
            48.09871768578887,
            351.4991455078125
          ],
          [
            -84.62380958721042,
            48.098851293325424,
            351.4991455078125
          ],
          [
            -84.62372836656868,
            48.09904156252742,
            351.4991455078125
          ],
          [
            -84.62361261248589,
            48.09925035573542,
            351.4991455078125
          ],
          [
            -84.62342678569257,
            48.099408354610205,
            351.9798583984375
          ],
          [
            -84.62322821840644,
            48.099570544436574,
            351.4991455078125
          ],
          [
            -84.62293568998575,
            48.09970138594508,
            351.9798583984375
          ],
          [
            -84.62270795367658,
            48.099827617406845,
            351.9798583984375
          ],
          [
            -84.62250142358243,
            48.10001369565725,
            351.9798583984375
          ],
          [
            -84.6223218832165,
            48.10014638118446,
            351.4991455078125
          ],
          [
            -84.62219095788896,
            48.10022626072168,
            351.9798583984375
          ],
          [
            -84.62200747802854,
            48.1004171166569,
            351.9798583984375
          ],
          [
            -84.62187110446393,
            48.10061794705689,
            351.9798583984375
          ],
          [
            -84.62188719771802,
            48.10077426955104,
            351.9798583984375
          ],
          [
            -84.62185526266694,
            48.101064367219806,
            351.9798583984375
          ],
          [
            -84.62182533927262,
            48.10127827338874,
            351.9798583984375
          ],
          [
            -84.62194603867829,
            48.1013497710228,
            351.9798583984375
          ],
          [
            -84.62200596928596,
            48.10136460699141,
            351.9798583984375
          ],
          [
            -84.62192952632904,
            48.10136762447655,
            351.9798583984375
          ],
          [
            -84.62177848443389,
            48.101486479863524,
            351.9798583984375
          ],
          [
            -84.6216159593314,
            48.10172335244715,
            351.9798583984375
          ],
          [
            -84.62136575952172,
            48.101896522566676,
            352.4605712890625
          ],
          [
            -84.6211526915431,
            48.10209508985281,
            351.9798583984375
          ],
          [
            -84.62088069878519,
            48.10228426940739,
            352.4605712890625
          ],
          [
            -84.62050711736083,
            48.10246171429753,
            352.4605712890625
          ],
          [
            -84.62032740935683,
            48.102666065096855,
            352.4605712890625
          ],
          [
            -84.62017628364265,
            48.10285926796496,
            352.4605712890625
          ],
          [
            -84.61995994672179,
            48.102917689830065,
            352.4605712890625
          ],
          [
            -84.61973866447806,
            48.103048196062446,
            352.941162109375
          ],
          [
            -84.6194776520133,
            48.1031836476177,
            352.941162109375
          ],
          [
            -84.61922669783235,
            48.103371150791645,
            352.941162109375
          ],
          [
            -84.61901865899563,
            48.10357525013387,
            352.941162109375
          ],
          [
            -84.61878295987844,
            48.10379879549146,
            352.941162109375
          ],
          [
            -84.61865295656025,
            48.10398554429412,
            352.941162109375
          ],
          [
            -84.61845740675926,
            48.10417455621064,
            352.941162109375
          ],
          [
            -84.6182910259813,
            48.10432266443968,
            353.421875
          ],
          [
            -84.61806354112923,
            48.10451050288975,
            353.421875
          ],
          [
            -84.61781962774694,
            48.10469909571111,
            353.421875
          ],
          [
            -84.61761334910989,
            48.10480747371912,
            352.941162109375
          ],
          [
            -84.61738033220172,
            48.104926999658346,
            353.421875
          ],
          [
            -84.61719928309321,
            48.10501702129841,
            352.941162109375
          ],
          [
            -84.61687398143113,
            48.10508508235216,
            352.941162109375
          ],
          [
            -84.61645010858774,
            48.105103857815266,
            352.941162109375
          ],
          [
            -84.6161711588502,
            48.105067731812596,
            352.941162109375
          ],
          [
            -84.61605708114803,
            48.10507946647704,
            352.4605712890625
          ],
          [
            -84.61583588272333,
            48.10514308512211,
            352.4605712890625
          ],
          [
            -84.61554494686425,
            48.10508206486702,
            352.4605712890625
          ],
          [
            -84.6154142729938,
            48.10498827137053,
            351.9798583984375
          ],
          [
            -84.61515745148063,
            48.105103271082044,
            351.9798583984375
          ],
          [
            -84.61485369130969,
            48.10522279702127,
            351.9798583984375
          ],
          [
            -84.61471321061254,
            48.1052368786186,
            351.9798583984375
          ],
          [
            -84.61462436243892,
            48.10523411259055,
            351.9798583984375
          ],
          [
            -84.61451229639351,
            48.10526529327035,
            351.4991455078125
          ],
          [
            -84.61430408991873,
            48.10525313951075,
            351.4991455078125
          ],
          [
            -84.61425027810037,
            48.10519631020725,
            351.0184326171875
          ],
          [
            -84.61434843018651,
            48.10519689694047,
            351.0184326171875
          ],
          [
            -84.61429746821523,
            48.10525012202561,
            351.4991455078125
          ],
          [
            -84.61423108354211,
            48.10524324886501,
            350.537841796875
          ],
          [
            -84.61415028199553,
            48.10526428744197,
            350.537841796875
          ],
          [
            -84.61399178020656,
            48.105396972969174,
            350.0572509765625
          ],
          [
            -84.6140706539154,
            48.105576345697045,
            350.537841796875
          ],
          [
            -84.61407341994345,
            48.10568732209504,
            350.0572509765625
          ],
          [
            -84.61385138332844,
            48.10571816749871,
            350.0572509765625
          ],
          [
            -84.61361803114414,
            48.10581497848034,
            350.537841796875
          ],
          [
            -84.61329080164433,
            48.10572269372642,
            350.537841796875
          ],
          [
            -84.61306247860193,
            48.105662763118744,
            350.537841796875
          ],
          [
            -84.61275142617524,
            48.105541141703725,
            350.537841796875
          ],
          [
            -84.61246895603836,
            48.105540638789535,
            351.0184326171875
          ],
          [
            -84.61214524693787,
            48.10556444339454,
            351.0184326171875
          ],
          [
            -84.61184944957495,
            48.10561406426132,
            351.4991455078125
          ],
          [
            -84.61172229610384,
            48.10560442507267,
            351.4991455078125
          ],
          [
            -84.61155901663005,
            48.105609621852636,
            351.4991455078125
          ],
          [
            -84.61130814626813,
            48.105600234121084,
            351.9798583984375
          ],
          [
            -84.61098150350153,
            48.10555254109204,
            351.9798583984375
          ],
          [
            -84.61065561510623,
            48.10552580282092,
            352.4605712890625
          ],
          [
            -84.61032436229289,
            48.10552488081157,
            352.4605712890625
          ],
          [
            -84.60994969122112,
            48.10562068596482,
            352.4605712890625
          ],
          [
            -84.6096999105066,
            48.10572177171707,
            352.4605712890625
          ],
          [
            -84.60929690860212,
            48.10580282472074,
            352.941162109375
          ],
          [
            -84.6089799888432,
            48.1058809440583,
            352.941162109375
          ],
          [
            -84.6086435392499,
            48.10594632290304,
            352.941162109375
          ],
          [
            -84.60836836136878,
            48.10603835619986,
            352.941162109375
          ],
          [
            -84.6079717297107,
            48.106093760579824,
            352.941162109375
          ],
          [
            -84.60761549882591,
            48.10615997761488,
            352.941162109375
          ],
          [
            -84.60734099149704,
            48.10615494847298,
            353.421875
          ],
          [
            -84.60718081332743,
            48.106202809140086,
            352.941162109375
          ],
          [
            -84.60707620717585,
            48.10620381496847,
            352.941162109375
          ],
          [
            -84.60700328461826,
            48.1062279548496,
            353.421875
          ],
          [
            -84.60676741786301,
            48.106306409463286,
            353.421875
          ],
          [
            -84.60642627440393,
            48.106404058635235,
            353.421875
          ],
          [
            -84.60617280565202,
            48.10648385435343,
            353.421875
          ],
          [
            -84.60593752563,
            48.10655686073005,
            353.421875
          ],
          [
            -84.60569855757058,
            48.10667320154607,
            353.421875
          ]
        ]
      },
      "properties": {
        "feature_type": "track",
        "name": "Loonskin Lake",
        "desc": "",
        "segment": 0,
        "point_count": 366
      }
    },
    {
      "type": "Feature",
      "geometry": {
        "type": "LineString",
        "coordinates": [
          [
            -84.79702647775412,
            47.95852608047426,
            298.1461181640625
          ],
          [
            -84.79738597758114,
            47.95833019539714,
            297.1846923828125
          ],
          [
            -84.79745839722455,
            47.95834184624255,
            296.7041015625
          ],
          [
            -84.79760985821486,
            47.95836045406759,
            296.7041015625
          ],
          [
            -84.79783348739147,
            47.95835902914405,
            296.7041015625
          ],
          [
            -84.79819558560848,
            47.958190217614174,
            296.2235107421875
          ],
          [
            -84.79929747059941,
            47.957228226587176,
            296.2235107421875
          ],
          [
            -84.80022015050054,
            47.95638249255717,
            295.74267578125
          ],
          [
            -84.80058065615594,
            47.95636304654181,
            295.74267578125
          ],
          [
            -84.80061845853925,
            47.95640369877219,
            295.261962890625
          ],
          [
            -84.80069900862873,
            47.956502102315426,
            295.74267578125
          ],
          [
            -84.8012740071863,
            47.95681114308536,
            298.1461181640625
          ],
          [
            -84.80148489587009,
            47.956868056207895,
            298.626708984375
          ],
          [
            -84.80158254504204,
            47.95689890161157,
            298.626708984375
          ],
          [
            -84.80205411091447,
            47.95724306255579,
            298.1461181640625
          ],
          [
            -84.80252995155752,
            47.958415104076266,
            299.1072998046875
          ],
          [
            -84.80328214354813,
            47.959968857467175,
            299.1072998046875
          ],
          [
            -84.80388698168099,
            47.96137156896293,
            299.5880126953125
          ],
          [
            -84.80420364998281,
            47.96165965497494,
            299.5880126953125
          ],
          [
            -84.80438612401485,
            47.961760153993964,
            300.0687255859375
          ],
          [
            -84.8047913890332,
            47.96187657862902,
            301.0299072265625
          ],
          [
            -84.80524107813835,
            47.96189250424504,
            302.471923828125
          ],
          [
            -84.80620021931827,
            47.96169879846275,
            302.471923828125
          ],
          [
            -84.80677823536098,
            47.96167239546776,
            302.471923828125
          ],
          [
            -84.80881193652749,
            47.96176736243069,
            300.54931640625
          ],
          [
            -84.81099877506495,
            47.9617668595165,
            298.1461181640625
          ],
          [
            -84.81243434362113,
            47.9616236127913,
            296.7041015625
          ],
          [
            -84.8127920832485,
            47.961640460416675,
            296.2235107421875
          ],
          [
            -84.81315133161843,
            47.96173995360732,
            294.7813720703125
          ],
          [
            -84.81354435905814,
            47.9618723038584,
            292.8587646484375
          ],
          [
            -84.81506156735122,
            47.962242951616645,
            289.974853515625
          ],
          [
            -84.81543062254786,
            47.96235526911914,
            289.0135498046875
          ],
          [
            -84.81629689224064,
            47.96237722970545,
            288.532958984375
          ],
          [
            -84.81675739400089,
            47.962244376540184,
            290.45556640625
          ],
          [
            -84.81777093373239,
            47.9614925198257,
            289.494140625
          ],
          [
            -84.81867953203619,
            47.960655419155955,
            289.974853515625
          ],
          [
            -84.81914606876671,
            47.96041091904044,
            288.532958984375
          ],
          [
            -84.81926693581045,
            47.96038351021707,
            288.532958984375
          ],
          [
            -84.8214265331626,
            47.960100369527936,
            288.532958984375
          ],
          [
            -84.82259513810277,
            47.959930719807744,
            288.532958984375
          ],
          [
            -84.82319570146501,
            47.95989191159606,
            288.532958984375
          ],
          [
            -84.82507995329797,
            47.96006281860173,
            288.05224609375
          ],
          [
            -84.82521087862551,
            47.96007379889488,
            287.5714111328125
          ],
          [
            -84.82578663155437,
            47.96025149524212,
            283.7261962890625
          ],
          [
            -84.82625618577003,
            47.96058903448284,
            278.919677734375
          ],
          [
            -84.8265272565186,
            47.96070026233792,
            277.4776611328125
          ],
          [
            -84.82670218683779,
            47.96072306111455,
            276.03564453125
          ],
          [
            -84.82727123424411,
            47.96057352796197,
            271.709716796875
          ],
          [
            -84.82745429500937,
            47.96035660430789,
            267.864501953125
          ],
          [
            -84.82743283733726,
            47.960011353716254,
            264.019287109375
          ],
          [
            -84.82732814736664,
            47.95977724716067,
            261.615966796875
          ],
          [
            -84.82736025005579,
            47.959414310753345,
            257.2900390625
          ],
          [
            -84.82754582539201,
            47.95920241624117,
            253.9254150390625
          ],
          [
            -84.82759905047715,
            47.95916142873466,
            253.9254150390625
          ],
          [
            -84.82789610512555,
            47.9590367898345,
            252.9639892578125
          ],
          [
            -84.82797573320568,
            47.95902983285487,
            253.4447021484375
          ],
          [
            -84.82803138904274,
            47.95911532826722,
            252.9639892578125
          ]
        ]
      },
      "properties": {
        "feature_type": "track",
        "name": "Magpie High Falls",
        "desc": "",
        "segment": 0,
        "point_count": 57
      }
    },
    {
      "type": "Feature",
      "geometry": {
        "type": "LineString",
        "coordinates": [
          [
            -84.66753135435283,
            47.984919771552086,
            309.201171875
          ],
          [
            -84.66754736378789,
            47.98489563167095,
            308.720458984375
          ],
          [
            -84.66761039569974,
            47.9848362877965,
            307.278564453125
          ],
          [
            -84.66767694801092,
            47.98483209684491,
            307.75927734375
          ],
          [
            -84.66764685697854,
            47.98486361280084,
            307.278564453125
          ],
          [
            -84.6676245611161,
            47.98491750843823,
            307.278564453125
          ],
          [
            -84.66778440400958,
            47.984883561730385,
            307.278564453125
          ],
          [
            -84.66788498684764,
            47.984854811802506,
            309.201171875
          ],
          [
            -84.66796159744263,
            47.98477183096111,
            305.836669921875
          ],
          [
            -84.66793678700924,
            47.984605031087995,
            307.278564453125
          ],
          [
            -84.66793293133378,
            47.9844908695668,
            307.278564453125
          ],
          [
            -84.6678695641458,
            47.98447662033141,
            306.7978515625
          ],
          [
            -84.66807005926967,
            47.98457141965628,
            305.836669921875
          ],
          [
            -84.66795086860657,
            47.98465792089701,
            306.3172607421875
          ],
          [
            -84.6679078694433,
            47.98471374437213,
            305.35595703125
          ],
          [
            -84.66795539483428,
            47.9847083799541,
            305.836669921875
          ],
          [
            -84.66791021637619,
            47.98456915654242,
            305.35595703125
          ],
          [
            -84.66788079589605,
            47.98438492231071,
            305.35595703125
          ],
          [
            -84.66799411922693,
            47.984204795211554,
            305.35595703125
          ],
          [
            -84.66802529990673,
            47.98411678522825,
            305.35595703125
          ],
          [
            -84.6681496873498,
            47.98394864425063,
            305.35595703125
          ],
          [
            -84.66825471259654,
            47.98378528095782,
            305.35595703125
          ],
          [
            -84.66829553246498,
            47.98358897678554,
            304.875244140625
          ],
          [
            -84.66826418414712,
            47.98341454938054,
            305.35595703125
          ],
          [
            -84.66833383776248,
            47.98315948806703,
            304.875244140625
          ],
          [
            -84.66841313056648,
            47.9829487670213,
            304.875244140625
          ],
          [
            -84.66844414360821,
            47.98273771069944,
            304.875244140625
          ],
          [
            -84.66839225962758,
            47.982630925253034,
            304.875244140625
          ],
          [
            -84.668322019279,
            47.98260058276355,
            304.3946533203125
          ],
          [
            -84.66835311613977,
            47.98253335990012,
            303.9139404296875
          ],
          [
            -84.66845478862524,
            47.982375444844365,
            303.4332275390625
          ],
          [
            -84.6686695329845,
            47.98211585730314,
            302.9525146484375
          ],
          [
            -84.66900858096778,
            47.98192567192018,
            302.9525146484375
          ],
          [
            -84.66917110607028,
            47.98177035525441,
            302.471923828125
          ],
          [
            -84.66931007802486,
            47.98171453177929,
            301.9913330078125
          ],
          [
            -84.66928325593472,
            47.98182249069214,
            301.9913330078125
          ],
          [
            -84.6694166958332,
            47.98175258561969,
            301.9913330078125
          ],
          [
            -84.66961258091033,
            47.98158461228013,
            301.5106201171875
          ],
          [
            -84.66954066418111,
            47.98135494813323,
            301.5106201171875
          ],
          [
            -84.6693965792656,
            47.981066359207034,
            301.5106201171875
          ],
          [
            -84.66930437833071,
            47.981029227375984,
            301.0299072265625
          ],
          [
            -84.66923363506794,
            47.981007266789675,
            301.5106201171875
          ],
          [
            -84.66914067976177,
            47.980757569894195,
            301.5106201171875
          ],
          [
            -84.66887162066996,
            47.98048339784145,
            301.9913330078125
          ],
          [
            -84.668607423082,
            47.980239065364,
            301.0299072265625
          ],
          [
            -84.66855964623392,
            47.98000881448388,
            301.0299072265625
          ],
          [
            -84.66857699677348,
            47.97994293272495,
            301.9913330078125
          ],
          [
            -84.66855344362557,
            47.97977847978473,
            301.0299072265625
          ],
          [
            -84.66849409975111,
            47.979589216411114,
            301.0299072265625
          ],
          [
            -84.66845847666264,
            47.979473043233156,
            301.0299072265625
          ],
          [
            -84.66844690963626,
            47.979466589167714,
            300.54931640625
          ],
          [
            -84.66857884079218,
            47.97934806905687,
            300.54931640625
          ],
          [
            -84.66877506114542,
            47.979272631928325,
            300.54931640625
          ],
          [
            -84.66874899342656,
            47.97926257364452,
            301.0299072265625
          ],
          [
            -84.66867841780186,
            47.97930272296071,
            301.0299072265625
          ],
          [
            -84.66866307891905,
            47.97933993861079,
            301.5106201171875
          ],
          [
            -84.66869258321822,
            47.97935695387423,
            301.5106201171875
          ],
          [
            -84.66872191987932,
            47.97936139628291,
            301.9913330078125
          ],
          [
            -84.66876978054643,
            47.97935293056071,
            301.9913330078125
          ],
          [
            -84.66881764121354,
            47.97934412956238,
            301.9913330078125
          ],
          [
            -84.66888444498181,
            47.97934580594301,
            301.9913330078125
          ],
          [
            -84.66898092068732,
            47.979324012994766,
            301.9913330078125
          ],
          [
            -84.66906909830868,
            47.97929484397173,
            301.5106201171875
          ],
          [
            -84.66920002363622,
            47.97926022671163,
            301.9913330078125
          ],
          [
            -84.66936816461384,
            47.97923516482115,
            301.5106201171875
          ],
          [
            -84.66945106163621,
            47.97922636382282,
            301.9913330078125
          ],
          [
            -84.66965884901583,
            47.97924539074302,
            301.9913330078125
          ],
          [
            -84.67003251425922,
            47.97923977486789,
            301.9913330078125
          ],
          [
            -84.67049670405686,
            47.97924078069627,
            301.9913330078125
          ],
          [
            -84.6708673518151,
            47.97922141849995,
            301.9913330078125
          ],
          [
            -84.67106591910124,
            47.97901036217809,
            301.9913330078125
          ],
          [
            -84.67099433764815,
            47.97870844602585,
            302.471923828125
          ],
          [
            -84.67086450196803,
            47.97856176272035,
            301.9913330078125
          ],
          [
            -84.67066274955869,
            47.97833553515375,
            301.9913330078125
          ],
          [
            -84.67071765102446,
            47.9781065415591,
            301.5106201171875
          ],
          [
            -84.67106441035867,
            47.978118946775794,
            301.9913330078125
          ],
          [
            -84.6712648216635,
            47.978167897090316,
            301.5106201171875
          ],
          [
            -84.67143447138369,
            47.978201424703,
            301.5106201171875
          ],
          [
            -84.67155768536031,
            47.97818365506828,
            301.5106201171875
          ],
          [
            -84.67167410999537,
            47.978116516023874,
            301.0299072265625
          ],
          [
            -84.67169246636331,
            47.97809790819883,
            301.5106201171875
          ],
          [
            -84.67169808223844,
            47.97806991264224,
            301.0299072265625
          ],
          [
            -84.67164284549654,
            47.97801417298615,
            301.5106201171875
          ],
          [
            -84.67142642475665,
            47.97784603200853,
            301.5106201171875
          ],
          [
            -84.67137546278536,
            47.97770504839718,
            301.0299072265625
          ],
          [
            -84.67116557992995,
            47.9775763861835,
            301.0299072265625
          ],
          [
            -84.67085896991193,
            47.97738083638251,
            300.54931640625
          ],
          [
            -84.67092761769891,
            47.977230129763484,
            300.54931640625
          ],
          [
            -84.67097346670926,
            47.97715477645397,
            300.54931640625
          ],
          [
            -84.67092828825116,
            47.97716156579554,
            301.0299072265625
          ],
          [
            -84.67095854692161,
            47.977163745090365,
            301.0299072265625
          ],
          [
            -84.67093775980175,
            47.977137845009565,
            300.54931640625
          ],
          [
            -84.6709590498358,
            47.97712099738419,
            300.0687255859375
          ],
          [
            -84.67094773426652,
            47.97712644562125,
            300.0687255859375
          ],
          [
            -84.67104454524815,
            47.97711462713778,
            300.0687255859375
          ],
          [
            -84.67107807286084,
            47.97707808203995,
            300.0687255859375
          ],
          [
            -84.67123481445014,
            47.976933075115085,
            299.5880126953125
          ],
          [
            -84.67131310142577,
            47.97700951807201,
            299.1072998046875
          ],
          [
            -84.67147319577634,
            47.97702510841191,
            298.626708984375
          ],
          [
            -84.67157629318535,
            47.9769288841635,
            299.1072998046875
          ],
          [
            -84.67152055352926,
            47.97691882587969,
            299.1072998046875
          ],
          [
            -84.67145425267518,
            47.97697833739221,
            298.626708984375
          ],
          [
            -84.67136213555932,
            47.97700306400657,
            298.626708984375
          ],
          [
            -84.67125853523612,
            47.97701337374747,
            298.1461181640625
          ],
          [
            -84.67128133401275,
            47.976966351270676,
            298.1461181640625
          ],
          [
            -84.67156363651156,
            47.97686778008938,
            298.1461181640625
          ],
          [
            -84.67167570255697,
            47.97693542204797,
            297.6654052734375
          ],
          [
            -84.67177896760404,
            47.97703675925732,
            297.6654052734375
          ],
          [
            -84.67201952822506,
            47.977124098688364,
            297.6654052734375
          ],
          [
            -84.67221985571086,
            47.97719928435981,
            297.6654052734375
          ],
          [
            -84.67247642576694,
            47.97726944088936,
            297.1846923828125
          ],
          [
            -84.67270324006677,
            47.977159386500716,
            297.6654052734375
          ],
          [
            -84.67281530611217,
            47.97706919722259,
            297.6654052734375
          ],
          [
            -84.67294774018228,
            47.97687138430774,
            297.1846923828125
          ],
          [
            -84.67308721505105,
            47.976707769557834,
            297.1846923828125
          ],
          [
            -84.67310599051416,
            47.97666393220425,
            297.1846923828125
          ],
          [
            -84.67322576791048,
            47.97654549591243,
            296.7041015625
          ],
          [
            -84.67346381396055,
            47.976365284994245,
            296.7041015625
          ],
          [
            -84.67361217364669,
            47.976201167330146,
            296.7041015625
          ],
          [
            -84.67363405041397,
            47.976175770163536,
            296.2235107421875
          ],
          [
            -84.67376346699893,
            47.97597644850612,
            296.2235107421875
          ],
          [
            -84.67378827743232,
            47.975848373025656,
            295.74267578125
          ],
          [
            -84.67376564629376,
            47.975915763527155,
            295.261962890625
          ],
          [
            -84.67368987388909,
            47.975886510685086,
            294.7813720703125
          ],
          [
            -84.67376329936087,
            47.97577813267708,
            294.30078125
          ],
          [
            -84.67380135320127,
            47.97568484209478,
            294.30078125
          ],
          [
            -84.67387109063566,
            47.97562725841999,
            294.7813720703125
          ],
          [
            -84.67404518276453,
            47.97553329728544,
            294.7813720703125
          ],
          [
            -84.67407552525401,
            47.97532240860164,
            294.30078125
          ],
          [
            -84.67410243116319,
            47.9751468077302,
            294.7813720703125
          ],
          [
            -84.67394325882196,
            47.97499266453087,
            294.30078125
          ],
          [
            -84.67381099238992,
            47.97487238422036,
            293.820068359375
          ],
          [
            -84.67375625856221,
            47.974840365350246,
            293.820068359375
          ],
          [
            -84.67373647727072,
            47.97477263957262,
            292.8587646484375
          ],
          [
            -84.67366883531213,
            47.97474179416895,
            292.8587646484375
          ],
          [
            -84.67349692247808,
            47.97459469176829,
            292.8587646484375
          ],
          [
            -84.67313029803336,
            47.974543729797006,
            291.8974609375
          ],
          [
            -84.67277658171952,
            47.974576922133565,
            292.378173828125
          ],
          [
            -84.6724837180227,
            47.97451958991587,
            291.416748046875
          ],
          [
            -84.67239176854491,
            47.974451864138246,
            291.8974609375
          ],
          [
            -84.67239453457296,
            47.97421851195395,
            291.416748046875
          ],
          [
            -84.67243066057563,
            47.9741467628628,
            291.8974609375
          ],
          [
            -84.67240777797997,
            47.9740880895406,
            291.8974609375
          ],
          [
            -84.67237953096628,
            47.974114241078496,
            292.378173828125
          ],
          [
            -84.6724353544414,
            47.97435279004276,
            292.378173828125
          ],
          [
            -84.67246712185442,
            47.97458798624575,
            292.8587646484375
          ],
          [
            -84.6723766811192,
            47.97472922131419,
            292.8587646484375
          ],
          [
            -84.67196429148316,
            47.97475051134825,
            293.33935546875
          ],
          [
            -84.67172364704311,
            47.97478915192187,
            293.33935546875
          ],
          [
            -84.67167293652892,
            47.974796360358596,
            293.33935546875
          ],
          [
            -84.67160713858902,
            47.974943462759256,
            293.33935546875
          ],
          [
            -84.6713340561837,
            47.97514102421701,
            293.33935546875
          ],
          [
            -84.67115124687552,
            47.97529784962535,
            293.33935546875
          ],
          [
            -84.67105326242745,
            47.97545291483402,
            293.33935546875
          ],
          [
            -84.67098771594465,
            47.97557721845806,
            293.33935546875
          ],
          [
            -84.67094178311527,
            47.97563153319061,
            293.33935546875
          ],
          [
            -84.67092007398605,
            47.97567361034453,
            292.8587646484375
          ],
          [
            -84.67089224606752,
            47.97574343159795,
            292.8587646484375
          ],
          [
            -84.67086676508188,
            47.97587159089744,
            292.8587646484375
          ],
          [
            -84.6709196548909,
            47.97593294642866,
            292.8587646484375
          ],
          [
            -84.6709003765136,
            47.9760205373168,
            292.8587646484375
          ],
          [
            -84.6707914955914,
            47.97612430527806,
            292.378173828125
          ],
          [
            -84.6707486640662,
            47.97616663388908,
            292.8587646484375
          ],
          [
            -84.67076794244349,
            47.97623762860894,
            292.8587646484375
          ],
          [
            -84.67100473120809,
            47.97629429027438,
            292.8587646484375
          ],
          [
            -84.67130270786583,
            47.97633050009608,
            292.8587646484375
          ],
          [
            -84.67137822881341,
            47.97643342986703,
            292.378173828125
          ],
          [
            -84.671266162768,
            47.976663848385215,
            292.8587646484375
          ],
          [
            -84.67122064903378,
            47.97670089639723,
            292.8587646484375
          ],
          [
            -84.67117572203279,
            47.97670693136752,
            292.8587646484375
          ],
          [
            -84.67117941007018,
            47.97694900073111,
            293.33935546875
          ],
          [
            -84.67114940285683,
            47.97711454331875,
            293.33935546875
          ],
          [
            -84.67111797071993,
            47.97715192660689,
            293.820068359375
          ],
          [
            -84.67103406786919,
            47.97715955413878,
            294.30078125
          ],
          [
            -84.67100179754198,
            47.97718302346766,
            295.261962890625
          ],
          [
            -84.67090004123747,
            47.97732098959386,
            295.261962890625
          ],
          [
            -84.67095276340842,
            47.977365078404546,
            295.74267578125
          ],
          [
            -84.67117790132761,
            47.977543445304036,
            295.74267578125
          ],
          [
            -84.67130958102643,
            47.97760505229235,
            296.2235107421875
          ],
          [
            -84.67143564485013,
            47.97779708169401,
            296.7041015625
          ],
          [
            -84.67130891047418,
            47.977915266528726,
            296.7041015625
          ],
          [
            -84.67123313806951,
            47.977941585704684,
            296.7041015625
          ],
          [
            -84.67140002176166,
            47.97791266813874,
            297.1846923828125
          ],
          [
            -84.67164393514395,
            47.978004198521376,
            296.7041015625
          ],
          [
            -84.67168257571757,
            47.978088688105345,
            296.7041015625
          ],
          [
            -84.67167335562408,
            47.97812690958381,
            296.7041015625
          ],
          [
            -84.67163655906916,
            47.978168819099665,
            296.7041015625
          ],
          [
            -84.67153321020305,
            47.97817795537412,
            297.1846923828125
          ],
          [
            -84.67144394293427,
            47.978202011436224,
            297.1846923828125
          ],
          [
            -84.67116675339639,
            47.97823495231569,
            297.6654052734375
          ],
          [
            -84.67104060575366,
            47.97814995981753,
            297.6654052734375
          ],
          [
            -84.6708506718278,
            47.97810612246394,
            297.6654052734375
          ],
          [
            -84.67067490331829,
            47.978211902081966,
            297.6654052734375
          ],
          [
            -84.67068412341177,
            47.97834014520049,
            297.6654052734375
          ],
          [
            -84.67081991024315,
            47.97852924093604,
            298.1461181640625
          ],
          [
            -84.67086064629257,
            47.97857508994639,
            298.1461181640625
          ],
          [
            -84.67100632376969,
            47.97873493283987,
            298.626708984375
          ],
          [
            -84.67101336456835,
            47.978875329717994,
            298.626708984375
          ],
          [
            -84.67103909701109,
            47.97900181263685,
            298.626708984375
          ],
          [
            -84.67099215835333,
            47.97915595583618,
            299.1072998046875
          ],
          [
            -84.6709381788969,
            47.97921261750162,
            299.1072998046875
          ],
          [
            -84.67082141898572,
            47.97924078069627,
            299.1072998046875
          ],
          [
            -84.67059468850493,
            47.97929769381881,
            299.5880126953125
          ],
          [
            -84.67058504931629,
            47.97929157502949,
            299.1072998046875
          ],
          [
            -84.6702029183507,
            47.97926022671163,
            299.1072998046875
          ],
          [
            -84.66989580541849,
            47.97927422448993,
            299.1072998046875
          ],
          [
            -84.66958282515407,
            47.97928411513567,
            299.1072998046875
          ],
          [
            -84.6694224793464,
            47.97926349565387,
            299.1072998046875
          ],
          [
            -84.66923782601953,
            47.97926709987223,
            299.1072998046875
          ],
          [
            -84.6690477244556,
            47.97931445762515,
            299.5880126953125
          ],
          [
            -84.66885695233941,
            47.97938268631697,
            299.5880126953125
          ],
          [
            -84.66872300952673,
            47.97938570380211,
            299.5880126953125
          ],
          [
            -84.66869392432272,
            47.97938050702214,
            299.5880126953125
          ],
          [
            -84.66863642446697,
            47.979349913075566,
            299.5880126953125
          ],
          [
            -84.66856333427131,
            47.979332562536,
            300.0687255859375
          ],
          [
            -84.66851673088968,
            47.97936265356839,
            300.0687255859375
          ],
          [
            -84.66841782443225,
            47.979461811482906,
            300.54931640625
          ],
          [
            -84.6684824489057,
            47.97959005460143,
            300.54931640625
          ],
          [
            -84.66847172006965,
            47.97972600907087,
            300.54931640625
          ],
          [
            -84.66852318495512,
            47.97983665019274,
            300.54931640625
          ],
          [
            -84.66851857490838,
            47.97991259023547,
            301.0299072265625
          ],
          [
            -84.66843768954277,
            47.98007142730057,
            301.0299072265625
          ],
          [
            -84.66851287521422,
            47.98028860241175,
            300.54931640625
          ],
          [
            -84.66847591102123,
            47.98034191131592,
            300.54931640625
          ],
          [
            -84.66839921660721,
            47.98036848194897,
            300.0687255859375
          ],
          [
            -84.66843995265663,
            47.980418521910906,
            300.0687255859375
          ],
          [
            -84.6685585565865,
            47.98059621825814,
            300.54931640625
          ],
          [
            -84.66868042945862,
            47.98084524460137,
            300.0687255859375
          ],
          [
            -84.66874052770436,
            47.98096502199769,
            299.5880126953125
          ],
          [
            -84.66872208751738,
            47.981168031692505,
            299.5880126953125
          ],
          [
            -84.66869065538049,
            47.981373220682144,
            299.1072998046875
          ],
          [
            -84.66869937255979,
            47.98155091702938,
            300.0687255859375
          ],
          [
            -84.66865436173975,
            47.981729535385966,
            299.5880126953125
          ],
          [
            -84.66859862208366,
            47.982002114877105,
            299.1072998046875
          ],
          [
            -84.6685521863401,
            47.982219122350216,
            299.5880126953125
          ],
          [
            -84.66851782053709,
            47.98239044845104,
            299.5880126953125
          ],
          [
            -84.66838974505663,
            47.98258415423334,
            299.1072998046875
          ],
          [
            -84.66832897625864,
            47.98277257941663,
            299.1072998046875
          ],
          [
            -84.66819520108402,
            47.98298439010978,
            299.1072998046875
          ],
          [
            -84.6681856457144,
            47.98320927657187,
            299.1072998046875
          ],
          [
            -84.66813761740923,
            47.98341304063797,
            299.1072998046875
          ],
          [
            -84.66798280365765,
            47.983627365902066,
            299.1072998046875
          ],
          [
            -84.66787886805832,
            47.98393196426332,
            298.626708984375
          ],
          [
            -84.66767066158354,
            47.98415425233543,
            298.626708984375
          ],
          [
            -84.66758541762829,
            47.98430738970637,
            298.626708984375
          ],
          [
            -84.66750495135784,
            47.984394896775484,
            298.1461181640625
          ],
          [
            -84.66748676262796,
            47.984442757442594,
            298.1461181640625
          ],
          [
            -84.66748357750475,
            47.98449673689902,
            298.1461181640625
          ],
          [
            -84.66749732382596,
            47.984573766589165,
            298.626708984375
          ],
          [
            -84.66748190112412,
            47.98463361337781,
            298.626708984375
          ],
          [
            -84.66746882535517,
            47.984684240072966,
            298.626708984375
          ],
          [
            -84.66756102629006,
            47.98471139743924,
            298.1461181640625
          ],
          [
            -84.66757494024932,
            47.98477325588465,
            298.1461181640625
          ],
          [
            -84.66753940097988,
            47.984847938641906,
            298.1461181640625
          ],
          [
            -84.66751987114549,
            47.98485925421119,
            298.1461181640625
          ],
          [
            -84.66752003878355,
            47.984859673306346,
            298.626708984375
          ],
          [
            -84.66753110289574,
            47.98484073020518,
            299.1072998046875
          ]
        ]
      },
      "properties": {
        "feature_type": "track",
        "name": "Megit Lake",
        "desc": "",
        "segment": 0,
        "point_count": 257
      }
    },
    {
      "type": "Feature",
      "geometry": {
        "type": "LineString",
        "coordinates": [
          [
            -84.66747695580125,
            47.98490384593606,
            317.3724365234375
          ],
          [
            -84.66741777956486,
            47.98498012125492,
            320.25634765625
          ],
          [
            -84.66738978400826,
            47.98507584258914,
            322.65966796875
          ],
          [
            -84.66740923002362,
            47.985174832865596,
            322.65966796875
          ]
        ]
      },
      "properties": {
        "feature_type": "track",
        "name": "Megit Lake Portage",
        "desc": "",
        "segment": 0,
        "point_count": 4
      }
    },
    {
      "type": "Feature",
      "geometry": {
        "type": "LineString",
        "coordinates": [
          [
            -84.90698925219476,
            48.25573126785457,
            443.3050537109375
          ],
          [
            -84.90701565518975,
            48.25568608939648,
            442.3438720703125
          ],
          [
            -84.90704507566988,
            48.25572841800749,
            443.3050537109375
          ],
          [
            -84.90704499185085,
            48.255749037489295,
            442.824462890625
          ],
          [
            -84.90702948532999,
            48.25574484653771,
            442.824462890625
          ],
          [
            -84.9069698061794,
            48.25570084154606,
            443.3050537109375
          ],
          [
            -84.90694114007056,
            48.25572640635073,
            442.824462890625
          ],
          [
            -84.90696712397039,
            48.25570972636342,
            443.3050537109375
          ],
          [
            -84.90697114728391,
            48.25573738664389,
            443.3050537109375
          ],
          [
            -84.90701305679977,
            48.25571106746793,
            443.3050537109375
          ],
          [
            -84.90701917558908,
            48.255688939243555,
            443.3050537109375
          ],
          [
            -84.90701615810394,
            48.25569178909063,
            443.7857666015625
          ],
          [
            -84.90701766684651,
            48.25569505803287,
            443.7857666015625
          ],
          [
            -84.90706401877105,
            48.25569497421384,
            443.3050537109375
          ],
          [
            -84.90706301294267,
            48.25569790787995,
            443.7857666015625
          ],
          [
            -84.90701381117105,
            48.25569078326225,
            443.7857666015625
          ],
          [
            -84.90703895688057,
            48.25569313019514,
            444.2664794921875
          ],
          [
            -84.90702998824418,
            48.2557054515928,
            443.3050537109375
          ],
          [
            -84.90706535987556,
            48.25567016378045,
            443.7857666015625
          ],
          [
            -84.9070670362562,
            48.255650382488966,
            443.7857666015625
          ],
          [
            -84.90703635849059,
            48.25572892092168,
            443.7857666015625
          ],
          [
            -84.90702889859676,
            48.255692794919014,
            443.7857666015625
          ],
          [
            -84.90705169737339,
            48.255679719150066,
            443.7857666015625
          ],
          [
            -84.90702722221613,
            48.25567804276943,
            443.7857666015625
          ],
          [
            -84.9069824628532,
            48.25570972636342,
            443.7857666015625
          ],
          [
            -84.90703074261546,
            48.25566479936242,
            443.7857666015625
          ],
          [
            -84.90698715671897,
            48.25571081601083,
            443.7857666015625
          ],
          [
            -84.9069512821734,
            48.255664044991136,
            443.3050537109375
          ],
          [
            -84.9069698061794,
            48.25565247796476,
            443.7857666015625
          ],
          [
            -84.90699143148959,
            48.25564719736576,
            444.2664794921875
          ],
          [
            -84.90702051669359,
            48.255679719150066,
            444.2664794921875
          ],
          [
            -84.90699402987957,
            48.25569690205157,
            444.2664794921875
          ],
          [
            -84.90697215311229,
            48.255692292004824,
            443.7857666015625
          ],
          [
            -84.90700526162982,
            48.25569715350866,
            444.2664794921875
          ],
          [
            -84.90693971514702,
            48.2557022664696,
            443.7857666015625
          ],
          [
            -84.906823374331,
            48.25565214268863,
            441.3824462890625
          ],
          [
            -84.90678775124252,
            48.2556261587888,
            440.4212646484375
          ],
          [
            -84.90667199715972,
            48.2555310241878,
            438.9791259765625
          ],
          [
            -84.90664131939411,
            48.255518451333046,
            439.459716796875
          ],
          [
            -84.90662841126323,
            48.25548643246293,
            438.017822265625
          ],
          [
            -84.9066336080432,
            48.255431111902,
            436.575927734375
          ],
          [
            -84.90655347704887,
            48.25534603558481,
            435.614501953125
          ],
          [
            -84.90651559084654,
            48.255287278443575,
            435.1339111328125
          ],
          [
            -84.9064898584038,
            48.25520589016378,
            435.1339111328125
          ],
          [
            -84.9063537362963,
            48.255109414458275,
            434.6533203125
          ],
          [
            -84.90626413375139,
            48.2550563570112,
            434.172607421875
          ],
          [
            -84.9062242358923,
            48.25500204227865,
            433.69189453125
          ],
          [
            -84.90624753758311,
            48.25501914136112,
            433.69189453125
          ],
          [
            -84.90625256672502,
            48.25502660125494,
            433.69189453125
          ],
          [
            -84.90630931220949,
            48.255026852712035,
            434.172607421875
          ],
          [
            -84.90640578791499,
            48.25507923960686,
            435.1339111328125
          ],
          [
            -84.9066695664078,
            48.25524603947997,
            436.09521484375
          ],
          [
            -84.90669982507825,
            48.25527931563556,
            435.614501953125
          ],
          [
            -84.90673502907157,
            48.25537386350334,
            437.537109375
          ],
          [
            -84.90679110400379,
            48.255445612594485,
            438.9791259765625
          ],
          [
            -84.90678456611931,
            48.25546254403889,
            438.9791259765625
          ],
          [
            -84.90678917616606,
            48.255515433847904,
            439.9404296875
          ],
          [
            -84.9068442452699,
            48.25558274053037,
            440.90185546875
          ],
          [
            -84.90692437626421,
            48.255639066919684,
            444.2664794921875
          ],
          [
            -84.90700609982014,
            48.25569438748062,
            445.7083740234375
          ],
          [
            -84.9068957939744,
            48.25569220818579,
            443.3050537109375
          ],
          [
            -84.9068091250956,
            48.255651807412505,
            440.4212646484375
          ],
          [
            -84.90676176734269,
            48.25561157427728,
            439.9404296875
          ],
          [
            -84.9067367054522,
            48.25552884489298,
            438.49853515625
          ],
          [
            -84.90667736157775,
            48.25549405999482,
            438.017822265625
          ],
          [
            -84.9066159222275,
            48.25539934448898,
            436.575927734375
          ],
          [
            -84.90654107183218,
            48.2552878651768,
            436.575927734375
          ],
          [
            -84.90652623586357,
            48.25524997897446,
            436.575927734375
          ],
          [
            -84.90648860111833,
            48.25518694706261,
            437.0565185546875
          ],
          [
            -84.90642372518778,
            48.25515182688832,
            436.09521484375
          ],
          [
            -84.90630411542952,
            48.25509290210903,
            435.1339111328125
          ],
          [
            -84.90633009932935,
            48.255094829946756,
            435.614501953125
          ],
          [
            -84.9062670674175,
            48.255047891288996,
            435.1339111328125
          ],
          [
            -84.90629673935473,
            48.25504571199417,
            434.6533203125
          ],
          [
            -84.90631660446525,
            48.25505350716412,
            434.172607421875
          ],
          [
            -84.90630562417209,
            48.25503305532038,
            433.69189453125
          ],
          [
            -84.90631048567593,
            48.255018554627895,
            433.69189453125
          ],
          [
            -84.90628207102418,
            48.25498511083424,
            433.2113037109375
          ],
          [
            -84.90622180514038,
            48.254896849393845,
            433.2113037109375
          ],
          [
            -84.90613773465157,
            48.2548058219254,
            433.2113037109375
          ],
          [
            -84.90614846348763,
            48.25481847859919,
            433.2113037109375
          ],
          [
            -84.90601326338947,
            48.25474136509001,
            433.69189453125
          ],
          [
            -84.90569106303155,
            48.25461504980922,
            434.172607421875
          ],
          [
            -84.90555644966662,
            48.25456433929503,
            435.1339111328125
          ],
          [
            -84.90543700754642,
            48.2544759940356,
            434.172607421875
          ],
          [
            -84.9052624963224,
            48.254512371495366,
            434.172607421875
          ],
          [
            -84.90508303977549,
            48.25463877059519,
            433.69189453125
          ],
          [
            -84.90505311638117,
            48.25468269176781,
            434.172607421875
          ],
          [
            -84.9049527850002,
            48.25471085496247,
            434.6533203125
          ],
          [
            -84.90490383468568,
            48.25476701371372,
            434.172607421875
          ],
          [
            -84.90481414832175,
            48.25482560321689,
            434.172607421875
          ],
          [
            -84.90467408671975,
            48.254784448072314,
            434.172607421875
          ],
          [
            -84.90445096045732,
            48.254710771143436,
            434.172607421875
          ],
          [
            -84.90427217446268,
            48.254693588241935,
            434.172607421875
          ],
          [
            -84.90418936125934,
            48.25463466346264,
            433.69189453125
          ],
          [
            -84.90415063686669,
            48.25459090992808,
            434.172607421875
          ],
          [
            -84.90405726246536,
            48.25453785248101,
            434.172607421875
          ],
          [
            -84.90395584143698,
            48.25448370538652,
            433.69189453125
          ],
          [
            -84.90391409955919,
            48.25434397906065,
            434.172607421875
          ],
          [
            -84.90384654141963,
            48.2542119640857,
            434.6533203125
          ],
          [
            -84.90378476679325,
            48.254182040691376,
            434.172607421875
          ],
          [
            -84.90375199355185,
            48.25410878285766,
            434.172607421875
          ],
          [
            -84.90371217951179,
            48.25407424941659,
            433.2113037109375
          ],
          [
            -84.90361168049276,
            48.25401473790407,
            433.69189453125
          ],
          [
            -84.90347497165203,
            48.25392899103463,
            433.69189453125
          ],
          [
            -84.90350439213216,
            48.25390703044832,
            434.172607421875
          ],
          [
            -84.9036540929228,
            48.25398439541459,
            433.2113037109375
          ],
          [
            -84.90369440987706,
            48.253970397636294,
            433.2113037109375
          ],
          [
            -84.90361930802464,
            48.25393988750875,
            434.172607421875
          ],
          [
            -84.90351377986372,
            48.2538181822747,
            434.6533203125
          ],
          [
            -84.90344270132482,
            48.25370008125901,
            434.6533203125
          ],
          [
            -84.90333591587842,
            48.25360553339124,
            433.69189453125
          ],
          [
            -84.90318093448877,
            48.25364719145,
            433.69189453125
          ],
          [
            -84.902901398018,
            48.253518948331475,
            434.172607421875
          ],
          [
            -84.90278732031584,
            48.25346983037889,
            434.172607421875
          ],
          [
            -84.90284188650548,
            48.253351394087076,
            434.172607421875
          ],
          [
            -84.90272965282202,
            48.25320454314351,
            433.69189453125
          ],
          [
            -84.9026838876307,
            48.253157855942845,
            434.172607421875
          ],
          [
            -84.90252044051886,
            48.253060542047024,
            434.172607421875
          ],
          [
            -84.90215934813023,
            48.25285107828677,
            434.172607421875
          ],
          [
            -84.90187612362206,
            48.25282475911081,
            433.69189453125
          ],
          [
            -84.90163656882942,
            48.25294227339327,
            433.69189453125
          ],
          [
            -84.90155132487416,
            48.252987284213305,
            434.6533203125
          ],
          [
            -84.90164981223643,
            48.252983847633004,
            434.172607421875
          ],
          [
            -84.90170731209219,
            48.25295199640095,
            434.172607421875
          ],
          [
            -84.90165534429252,
            48.25293816626072,
            434.172607421875
          ],
          [
            -84.90152064710855,
            48.25288753956556,
            433.2113037109375
          ],
          [
            -84.90152785554528,
            48.25288829393685,
            433.69189453125
          ],
          [
            -84.90167386829853,
            48.2529510743916,
            433.69189453125
          ],
          [
            -84.90193001925945,
            48.25314427725971,
            433.69189453125
          ],
          [
            -84.90208399482071,
            48.253237986937165,
            433.69189453125
          ],
          [
            -84.90208676084876,
            48.25340042822063,
            433.69189453125
          ],
          [
            -84.90203831344843,
            48.253439823165536,
            432.730712890625
          ],
          [
            -84.90183035843074,
            48.253413923084736,
            433.2113037109375
          ],
          [
            -84.9018862657249,
            48.25329624116421,
            432.730712890625
          ],
          [
            -84.90195633843541,
            48.25324712321162,
            432.730712890625
          ],
          [
            -84.90200813859701,
            48.253078227862716,
            432.25
          ],
          [
            -84.90197134204209,
            48.252949649468064,
            432.25
          ],
          [
            -84.90186497569084,
            48.25291461311281,
            431.7691650390625
          ],
          [
            -84.90169398486614,
            48.252909835428,
            431.7691650390625
          ],
          [
            -84.90163614973426,
            48.25284630060196,
            431.7691650390625
          ],
          [
            -84.90168283693492,
            48.25285401195288,
            431.7691650390625
          ],
          [
            -84.90199414081872,
            48.25282542966306,
            431.7691650390625
          ],
          [
            -84.90206111222506,
            48.25266097672284,
            431.28857421875
          ],
          [
            -84.90182767622173,
            48.252659467980266,
            430.8079833984375
          ],
          [
            -84.90172726102173,
            48.25262116268277,
            431.7691650390625
          ],
          [
            -84.90199866704643,
            48.25247699394822,
            431.28857421875
          ],
          [
            -84.90220016799867,
            48.25239812023938,
            432.25
          ],
          [
            -84.9021378904581,
            48.2523191627115,
            431.7691650390625
          ],
          [
            -84.90201333537698,
            48.25233098119497,
            430.3272705078125
          ],
          [
            -84.9018566776067,
            48.252378422766924,
            431.28857421875
          ],
          [
            -84.90171301178634,
            48.252389654517174,
            429.8465576171875
          ],
          [
            -84.90167453885078,
            48.2522916700691,
            430.8079833984375
          ],
          [
            -84.90182113833725,
            48.25219242833555,
            430.8079833984375
          ],
          [
            -84.90177428349853,
            48.25220391154289,
            430.8079833984375
          ],
          [
            -84.901622235775,
            48.25210416689515,
            430.3272705078125
          ],
          [
            -84.9014369957149,
            48.25178439728916,
            430.3272705078125
          ],
          [
            -84.90126818418503,
            48.25153034180403,
            429.8465576171875
          ],
          [
            -84.90142257884145,
            48.25134074315429,
            430.3272705078125
          ],
          [
            -84.90139123052359,
            48.251208225265145,
            429.365966796875
          ],
          [
            -84.90139089524746,
            48.25121534988284,
            429.365966796875
          ],
          [
            -84.90146004594862,
            48.251158855855465,
            429.8465576171875
          ],
          [
            -84.90146281197667,
            48.25113136321306,
            428.8853759765625
          ],
          [
            -84.9014631472528,
            48.25115374289453,
            429.8465576171875
          ],
          [
            -84.90148200653493,
            48.25123446062207,
            429.8465576171875
          ],
          [
            -84.90148066543043,
            48.25134384445846,
            429.8465576171875
          ],
          [
            -84.90148611366749,
            48.2514055352658,
            430.3272705078125
          ],
          [
            -84.90140807814896,
            48.25146705843508,
            430.3272705078125
          ],
          [
            -84.9011002946645,
            48.251507794484496,
            429.8465576171875
          ],
          [
            -84.90115536376834,
            48.251567389816046,
            429.8465576171875
          ],
          [
            -84.90131026133895,
            48.25142154470086,
            430.3272705078125
          ],
          [
            -84.90142023190856,
            48.251290787011385,
            430.3272705078125
          ],
          [
            -84.90151209756732,
            48.251234125345945,
            430.3272705078125
          ],
          [
            -84.90145518444479,
            48.25128274038434,
            429.8465576171875
          ],
          [
            -84.90142224356532,
            48.25132389552891,
            430.3272705078125
          ],
          [
            -84.90140514448285,
            48.2514507137239,
            429.8465576171875
          ],
          [
            -84.90132241509855,
            48.251456916332245,
            430.8079833984375
          ],
          [
            -84.90131570957601,
            48.251420790329576,
            430.3272705078125
          ],
          [
            -84.90147856995463,
            48.25136035680771,
            431.28857421875
          ],
          [
            -84.90136491134763,
            48.25139396823943,
            430.8079833984375
          ],
          [
            -84.90122049115598,
            48.251544926315546,
            430.8079833984375
          ],
          [
            -84.90113616921008,
            48.25158918276429,
            431.7691650390625
          ],
          [
            -84.9008552916348,
            48.25167560018599,
            431.7691650390625
          ],
          [
            -84.90068865939975,
            48.25169563293457,
            431.7691650390625
          ],
          [
            -84.9006758350879,
            48.25179185718298,
            431.28857421875
          ],
          [
            -84.90089988335967,
            48.25175221078098,
            431.7691650390625
          ],
          [
            -84.9013333953917,
            48.2517353631556,
            432.25
          ],
          [
            -84.90151871927083,
            48.25174801982939,
            432.25
          ],
          [
            -84.90186614915729,
            48.25183007866144,
            432.730712890625
          ],
          [
            -84.90205314941704,
            48.25191741809249,
            432.25
          ],
          [
            -84.90247090347111,
            48.25209092348814,
            433.2113037109375
          ],
          [
            -84.90284691564739,
            48.25216661207378,
            433.2113037109375
          ],
          [
            -84.90293987095356,
            48.252117075026035,
            432.730712890625
          ],
          [
            -84.90301547572017,
            48.25206150300801,
            433.2113037109375
          ],
          [
            -84.90300399251282,
            48.252076925709844,
            433.2113037109375
          ],
          [
            -84.9028067663312,
            48.25215923599899,
            433.2113037109375
          ],
          [
            -84.9028186686337,
            48.25211095623672,
            432.25
          ],
          [
            -84.90265069529414,
            48.2520894985646,
            433.2113037109375
          ],
          [
            -84.90230980329216,
            48.252142891287804,
            433.2113037109375
          ],
          [
            -84.90212498232722,
            48.25217189267278,
            432.730712890625
          ],
          [
            -84.90193295292556,
            48.252183962613344,
            432.25
          ],
          [
            -84.90180982276797,
            48.25209234841168,
            431.28857421875
          ],
          [
            -84.90175249055028,
            48.25204599648714,
            430.8079833984375
          ],
          [
            -84.90169197320938,
            48.25197625905275,
            430.3272705078125
          ],
          [
            -84.90166548639536,
            48.25182789936662,
            430.3272705078125
          ],
          [
            -84.90158275701106,
            48.25166277587414,
            430.3272705078125
          ],
          [
            -84.90144353359938,
            48.25161156244576,
            429.8465576171875
          ],
          [
            -84.90135518833995,
            48.251583985984325,
            430.3272705078125
          ],
          [
            -84.90141201764345,
            48.25141701847315,
            429.365966796875
          ],
          [
            -84.90156079642475,
            48.25116774067283,
            429.8465576171875
          ],
          [
            -84.90138251334429,
            48.25102952308953,
            429.365966796875
          ],
          [
            -84.90121596492827,
            48.2509068120271,
            429.365966796875
          ],
          [
            -84.90107263438404,
            48.25078485533595,
            428.4046630859375
          ],
          [
            -84.9009861331433,
            48.25059022754431,
            428.8853759765625
          ],
          [
            -84.90086174570024,
            48.25040951371193,
            428.8853759765625
          ],
          [
            -84.90072252228856,
            48.25020390562713,
            426.9627685546875
          ],
          [
            -84.90067977458239,
            48.249995363876224,
            427.443359375
          ],
          [
            -84.90061741322279,
            48.24970208108425,
            427.443359375
          ],
          [
            -84.90056091919541,
            48.24956872500479,
            428.4046630859375
          ],
          [
            -84.90032379515469,
            48.24954517185688,
            427.9239501953125
          ],
          [
            -84.90015925839543,
            48.24962672777474,
            427.443359375
          ],
          [
            -84.90017971023917,
            48.24967349879444,
            427.9239501953125
          ],
          [
            -84.90023226477206,
            48.249739883467555,
            427.9239501953125
          ],
          [
            -84.90021533332765,
            48.249748181551695,
            427.443359375
          ],
          [
            -84.90017535164952,
            48.249744242057204,
            428.4046630859375
          ],
          [
            -84.90017836913466,
            48.24968481436372,
            429.8465576171875
          ],
          [
            -84.90021583624184,
            48.2495494466275,
            429.365966796875
          ],
          [
            -84.90028699859977,
            48.24941181577742,
            429.8465576171875
          ],
          [
            -84.90031566470861,
            48.24925331398845,
            428.8853759765625
          ],
          [
            -84.90023067221045,
            48.24913454242051,
            429.365966796875
          ],
          [
            -84.90015523508191,
            48.24896128848195,
            429.365966796875
          ],
          [
            -84.89995951764286,
            48.24884402565658,
            430.8079833984375
          ],
          [
            -84.89987217821181,
            48.24880387634039,
            429.8465576171875
          ],
          [
            -84.89982381463051,
            48.24880815111101,
            429.8465576171875
          ],
          [
            -84.8997289314866,
            48.24873682111502,
            429.8465576171875
          ],
          [
            -84.89973748102784,
            48.24878292158246,
            429.8465576171875
          ],
          [
            -84.89976614713669,
            48.24879666790366,
            429.8465576171875
          ],
          [
            -84.89952298812568,
            48.248729361221194,
            431.28857421875
          ],
          [
            -84.89928879775107,
            48.24864948168397,
            431.28857421875
          ],
          [
            -84.89897665567696,
            48.24859969317913,
            431.28857421875
          ],
          [
            -84.89887506701052,
            48.24855032376945,
            431.28857421875
          ],
          [
            -84.89850081503391,
            48.24843096546829,
            432.25
          ],
          [
            -84.8982164170593,
            48.248351672664285,
            431.7691650390625
          ],
          [
            -84.89795775152743,
            48.24836416170001,
            432.25
          ],
          [
            -84.89771828055382,
            48.24839442037046,
            432.25
          ],
          [
            -84.8977000080049,
            48.24837975203991,
            433.2113037109375
          ],
          [
            -84.89772230386734,
            48.24842945672572,
            433.2113037109375
          ],
          [
            -84.89785532467067,
            48.248424930498004,
            433.2113037109375
          ],
          [
            -84.89796571433544,
            48.24840020388365,
            433.2113037109375
          ],
          [
            -84.89825388416648,
            48.24839844368398,
            433.69189453125
          ],
          [
            -84.89853526465595,
            48.24847606010735,
            433.2113037109375
          ],
          [
            -84.89886224269867,
            48.24857018887997,
            433.69189453125
          ],
          [
            -84.89900683052838,
            48.24863255023956,
            433.2113037109375
          ],
          [
            -84.89915493875742,
            48.24861670844257,
            433.69189453125
          ],
          [
            -84.89944126456976,
            48.24869834817946,
            433.69189453125
          ],
          [
            -84.8995737824589,
            48.24872785247862,
            433.69189453125
          ],
          [
            -84.89983747713268,
            48.24878443032503,
            433.2113037109375
          ],
          [
            -84.90020259283483,
            48.248926838859916,
            433.2113037109375
          ],
          [
            -84.90033452399075,
            48.249153569340706,
            433.2113037109375
          ],
          [
            -84.90053434856236,
            48.24937032535672,
            433.2113037109375
          ],
          [
            -84.90071615204215,
            48.24960200116038,
            433.2113037109375
          ],
          [
            -84.90079024806619,
            48.24988195672631,
            432.25
          ],
          [
            -84.90076300688088,
            48.24999729171395,
            431.7691650390625
          ],
          [
            -84.90085286088288,
            48.25016191229224,
            432.730712890625
          ],
          [
            -84.90111462771893,
            48.25045393779874,
            432.25
          ],
          [
            -84.9012852832675,
            48.25077714398503,
            432.730712890625
          ],
          [
            -84.90137957967818,
            48.25103295966983,
            432.730712890625
          ],
          [
            -84.90140858106315,
            48.25111225247383,
            432.730712890625
          ],
          [
            -84.9013970978558,
            48.25115089304745,
            433.2113037109375
          ],
          [
            -84.90140095353127,
            48.25120059773326,
            433.2113037109375
          ],
          [
            -84.90144277922809,
            48.251261534169316,
            433.2113037109375
          ],
          [
            -84.90144462324679,
            48.25130729936063,
            432.730712890625
          ],
          [
            -84.90147898904979,
            48.25141509063542,
            433.69189453125
          ],
          [
            -84.90157747641206,
            48.251524977386,
            434.172607421875
          ],
          [
            -84.90163438953459,
            48.25148407369852,
            433.69189453125
          ],
          [
            -84.90151184611022,
            48.251378796994686,
            434.172607421875
          ],
          [
            -84.90144445560873,
            48.25142162851989,
            434.6533203125
          ],
          [
            -84.90144646726549,
            48.251513661816716,
            435.1339111328125
          ],
          [
            -84.90129525773227,
            48.25152103789151,
            435.1339111328125
          ],
          [
            -84.9011158850044,
            48.25172429904342,
            435.1339111328125
          ],
          [
            -84.90093240514398,
            48.2518045976758,
            435.1339111328125
          ],
          [
            -84.90089829079807,
            48.25182572007179,
            434.6533203125
          ],
          [
            -84.90120724774897,
            48.25183963403106,
            434.6533203125
          ],
          [
            -84.90158820524812,
            48.25181666761637,
            434.6533203125
          ],
          [
            -84.90159063600004,
            48.251774003729224,
            434.172607421875
          ],
          [
            -84.90154160186648,
            48.25173871591687,
            432.25
          ],
          [
            -84.90154386498034,
            48.251739386469126,
            435.614501953125
          ],
          [
            -84.9015234131366,
            48.251765286549926,
            433.69189453125
          ],
          [
            -84.90150111727417,
            48.251782888546586,
            434.172607421875
          ]
        ]
      },
      "properties": {
        "feature_type": "track",
        "name": "No Name Lake 1",
        "desc": "",
        "segment": 0,
        "point_count": 289
      }
    },
    {
      "type": "Feature",
      "geometry": {
        "type": "LineString",
        "coordinates": [
          [
            -84.90420235320926,
            48.25384131632745,
            430.8079833984375
          ],
          [
            -84.90422163158655,
            48.25384852476418,
            428.4046630859375
          ],
          [
            -84.90425180643797,
            48.253871826455,
            433.69189453125
          ],
          [
            -84.90424325689673,
            48.25386302545667,
            433.69189453125
          ],
          [
            -84.90432179532945,
            48.25397559441626,
            430.3272705078125
          ],
          [
            -84.9045127350837,
            48.253964614123106,
            428.4046630859375
          ],
          [
            -84.90479612722993,
            48.25384081341326,
            426.4820556640625
          ],
          [
            -84.90502746775746,
            48.25365213677287,
            426.4820556640625
          ],
          [
            -84.90513978525996,
            48.25353931635618,
            426.9627685546875
          ],
          [
            -84.90526861511171,
            48.253422221168876,
            426.9627685546875
          ],
          [
            -84.90543365478516,
            48.25325290672481,
            426.9627685546875
          ],
          [
            -84.90573892369866,
            48.25305777601898,
            427.443359375
          ],
          [
            -84.90587596781552,
            48.25297714211047,
            426.9627685546875
          ],
          [
            -84.90594293922186,
            48.25299155898392,
            427.9239501953125
          ],
          [
            -84.90589817985892,
            48.25300614349544,
            429.8465576171875
          ],
          [
            -84.90578971803188,
            48.25305216014385,
            429.8465576171875
          ],
          [
            -84.90552023984492,
            48.2532068900764,
            429.8465576171875
          ],
          [
            -84.90544446744025,
            48.25333597138524,
            430.3272705078125
          ],
          [
            -84.90534145385027,
            48.25344745069742,
            430.3272705078125
          ],
          [
            -84.90521002560854,
            48.253564378246665,
            430.8079833984375
          ],
          [
            -84.90509167313576,
            48.253768142312765,
            430.8079833984375
          ],
          [
            -84.90490081720054,
            48.25389546342194,
            430.3272705078125
          ],
          [
            -84.90480735898018,
            48.25403275899589,
            430.3272705078125
          ],
          [
            -84.90477617830038,
            48.25412915088236,
            429.8465576171875
          ],
          [
            -84.9046802893281,
            48.25413937680423,
            429.8465576171875
          ],
          [
            -84.90458163432777,
            48.254279773682356,
            429.365966796875
          ],
          [
            -84.90498312748969,
            48.25433710590005,
            429.8465576171875
          ],
          [
            -84.90510064177215,
            48.25435420498252,
            429.365966796875
          ]
        ]
      },
      "properties": {
        "feature_type": "track",
        "name": "No Name Lake 2",
        "desc": "",
        "segment": 0,
        "point_count": 28
      }
    },
    {
      "type": "Feature",
      "geometry": {
        "type": "LineString",
        "coordinates": [
          [
            -84.90646001882851,
            48.25500279664993,
            438.49853515625
          ],
          [
            -84.90644074045122,
            48.25502383522689,
            439.459716796875
          ],
          [
            -84.90647058002651,
            48.25510346330702,
            439.459716796875
          ],
          [
            -84.90654601715505,
            48.25516356155276,
            439.9404296875
          ],
          [
            -84.90666369907558,
            48.25522248633206,
            440.90185546875
          ],
          [
            -84.90670342929661,
            48.25529674999416,
            440.90185546875
          ],
          [
            -84.90671306848526,
            48.25535944662988,
            440.90185546875
          ],
          [
            -84.90671868436038,
            48.255382496863604,
            440.90185546875
          ],
          [
            -84.90672891028225,
            48.25541099533439,
            441.3824462890625
          ],
          [
            -84.90671901963651,
            48.255420634523034,
            441.8631591796875
          ],
          [
            -84.90676864050329,
            48.255473021417856,
            442.3438720703125
          ],
          [
            -84.90682798437774,
            48.25547670945525,
            442.824462890625
          ],
          [
            -84.90683301351964,
            48.25556304305792,
            444.7470703125
          ],
          [
            -84.90688213147223,
            48.25563688762486,
            445.7083740234375
          ],
          [
            -84.90696854889393,
            48.25565415434539,
            447.6309814453125
          ],
          [
            -84.90697215311229,
            48.25566907413304,
            448.11181640625
          ],
          [
            -84.90700014866889,
            48.25570520013571,
            451.476318359375
          ]
        ]
      },
      "properties": {
        "feature_type": "track",
        "name": "No Name Portage",
        "desc": "",
        "segment": 0,
        "point_count": 17
      }
    },
    {
      "type": "Feature",
      "geometry": {
        "type": "LineString",
        "coordinates": [
          [
            -85.04716803319752,
            48.34252637811005,
            435.1339111328125
          ],
          [
            -85.04735142923892,
            48.342925775796175,
            433.2113037109375
          ],
          [
            -85.04727758467197,
            48.342970786616206,
            432.730712890625
          ],
          [
            -85.04701648838818,
            48.343082098290324,
            431.28857421875
          ],
          [
            -85.0468408036977,
            48.34313071332872,
            431.7691650390625
          ],
          [
            -85.04669629968703,
            48.34315141662955,
            432.25
          ],
          [
            -85.0463008414954,
            48.3431853633374,
            431.7691650390625
          ],
          [
            -85.04572860896587,
            48.34319776855409,
            431.7691650390625
          ],
          [
            -85.04537598229945,
            48.34322266280651,
            431.7691650390625
          ],
          [
            -85.04453075118363,
            48.34317874163389,
            431.28857421875
          ],
          [
            -85.04426160827279,
            48.343074386939406,
            431.7691650390625
          ],
          [
            -85.04401568323374,
            48.34303365088999,
            431.7691650390625
          ],
          [
            -85.0439452752471,
            48.34304018877447,
            431.7691650390625
          ],
          [
            -85.04356490448117,
            48.34318796172738,
            431.28857421875
          ],
          [
            -85.04352450370789,
            48.34320950321853,
            431.28857421875
          ],
          [
            -85.04314941354096,
            48.34338644519448,
            431.7691650390625
          ],
          [
            -85.0428329128772,
            48.34352885372937,
            431.7691650390625
          ],
          [
            -85.04255245439708,
            48.343731025233865,
            432.25
          ],
          [
            -85.04128837957978,
            48.34439436905086,
            432.730712890625
          ],
          [
            -85.04072620533407,
            48.344749845564365,
            432.25
          ],
          [
            -85.03949984908104,
            48.34541654214263,
            431.7691650390625
          ],
          [
            -85.03885838203132,
            48.34564025513828,
            431.7691650390625
          ],
          [
            -85.03803259693086,
            48.34562583826482,
            431.7691650390625
          ],
          [
            -85.03666651435196,
            48.34521361626685,
            431.28857421875
          ],
          [
            -85.0363935995847,
            48.34510004147887,
            430.8079833984375
          ],
          [
            -85.03556094132364,
            48.34448187611997,
            430.8079833984375
          ],
          [
            -85.03532364964485,
            48.34436696022749,
            430.3272705078125
          ],
          [
            -85.0342312362045,
            48.344189347699285,
            429.8465576171875
          ],
          [
            -85.03412721678615,
            48.344174763187766,
            429.8465576171875
          ],
          [
            -85.03391624428332,
            48.34417157806456,
            429.8465576171875
          ],
          [
            -85.03338541835546,
            48.3441867493093,
            429.365966796875
          ],
          [
            -85.03231127746403,
            48.34409907460213,
            430.3272705078125
          ],
          [
            -85.03214699216187,
            48.3441003318876,
            430.3272705078125
          ],
          [
            -85.03152974881232,
            48.34403964690864,
            430.8079833984375
          ],
          [
            -85.03075702115893,
            48.34395230747759,
            430.3272705078125
          ],
          [
            -85.03048586659133,
            48.344016345217824,
            430.8079833984375
          ],
          [
            -85.0289642997086,
            48.344344329088926,
            431.28857421875
          ],
          [
            -85.02749470062554,
            48.34475344978273,
            430.3272705078125
          ],
          [
            -85.02741406671703,
            48.34479058161378,
            430.3272705078125
          ],
          [
            -85.0272564869374,
            48.344891499727964,
            429.365966796875
          ],
          [
            -85.02702539786696,
            48.3450469840318,
            429.8465576171875
          ],
          [
            -85.02676262520254,
            48.345189560204744,
            430.3272705078125
          ],
          [
            -85.02606390975416,
            48.34569272585213,
            431.28857421875
          ],
          [
            -85.02550726756454,
            48.34591878578067,
            431.7691650390625
          ],
          [
            -85.02502614632249,
            48.346115592867136,
            432.25
          ],
          [
            -85.02425903454423,
            48.34667885676026,
            432.730712890625
          ],
          [
            -85.02420664764941,
            48.34668883122504,
            432.25
          ],
          [
            -85.02402618527412,
            48.347087390720844,
            432.730712890625
          ],
          [
            -85.0240652449429,
            48.34723918698728,
            432.730712890625
          ],
          [
            -85.0241344794631,
            48.3474781550467,
            433.69189453125
          ],
          [
            -85.02410120330751,
            48.34772936068475,
            434.6533203125
          ],
          [
            -85.02448073588312,
            48.347987523302436,
            434.6533203125
          ],
          [
            -85.02452675253153,
            48.34801308810711,
            434.6533203125
          ],
          [
            -85.02462146803737,
            48.34811828099191,
            435.614501953125
          ],
          [
            -85.0246059615165,
            48.34816035814583,
            436.09521484375
          ]
        ]
      },
      "properties": {
        "feature_type": "track",
        "name": "Obatanga Park",
        "desc": "",
        "segment": 0,
        "point_count": 55
      }
    },
    {
      "type": "Feature",
      "geometry": {
        "type": "LineString",
        "coordinates": [
          [
            -84.79601670987904,
            48.08079583570361,
            311.123779296875
          ],
          [
            -84.79568277485669,
            48.08077328838408,
            310.64306640625
          ],
          [
            -84.79559912346303,
            48.08062819764018,
            313.0465087890625
          ],
          [
            -84.79565938934684,
            48.08054597117007,
            314.4884033203125
          ],
          [
            -84.79569467715919,
            48.08054203167558,
            314.9691162109375
          ],
          [
            -84.79587924666703,
            48.08052744716406,
            316.4110107421875
          ],
          [
            -84.79595024138689,
            48.080509677529335,
            316.8917236328125
          ],
          [
            -84.79599961079657,
            48.08049417100847,
            317.3724365234375
          ],
          [
            -84.79620949365199,
            48.08028462342918,
            319.775634765625
          ]
        ]
      },
      "properties": {
        "feature_type": "track",
        "name": "Otto's Driveway loop",
        "desc": "",
        "segment": 0,
        "point_count": 9
      }
    },
    {
      "type": "Feature",
      "geometry": {
        "type": "LineString",
        "coordinates": [
          [
            -84.91315732710063,
            48.25831197202206,
            442.824462890625
          ],
          [
            -84.91310829296708,
            48.25864867307246,
            441.3824462890625
          ],
          [
            -84.91307250224054,
            48.2586654368788,
            442.3438720703125
          ],
          [
            -84.91305406205356,
            48.25869418680668,
            442.3438720703125
          ],
          [
            -84.91308658383787,
            48.258726708590984,
            442.824462890625
          ],
          [
            -84.91314978338778,
            48.25877096503973,
            441.8631591796875
          ],
          [
            -84.91319152526557,
            48.258808767423034,
            440.90185546875
          ],
          [
            -84.91328238509595,
            48.2589056622237,
            438.49853515625
          ],
          [
            -84.91332069039345,
            48.259009681642056,
            437.537109375
          ],
          [
            -84.91327961906791,
            48.25911168940365,
            436.09521484375
          ],
          [
            -84.91330803371966,
            48.25915209017694,
            435.614501953125
          ]
        ]
      },
      "properties": {
        "feature_type": "track",
        "name": "Princess Creek Portage",
        "desc": "",
        "segment": 0,
        "point_count": 11
      }
    },
    {
      "type": "Feature",
      "geometry": {
        "type": "LineString",
        "coordinates": [
          [
            -84.88234922289848,
            48.26015247032046,
            428.4046630859375
          ],
          [
            -84.88273135386407,
            48.260214664041996,
            430.3272705078125
          ],
          [
            -84.8831458389759,
            48.26038892380893,
            429.8465576171875
          ],
          [
            -84.88378060050309,
            48.2603769376874,
            431.7691650390625
          ],
          [
            -84.88402820192277,
            48.26023352332413,
            432.25
          ],
          [
            -84.8843874502927,
            48.25989581644535,
            431.7691650390625
          ],
          [
            -84.88462365232408,
            48.25980244204402,
            430.8079833984375
          ],
          [
            -84.88508851267397,
            48.259680569171906,
            430.8079833984375
          ],
          [
            -84.88547382876277,
            48.2594633102417,
            432.730712890625
          ],
          [
            -84.88605704158545,
            48.25887992978096,
            432.730712890625
          ],
          [
            -84.8864393401891,
            48.25850995257497,
            430.8079833984375
          ],
          [
            -84.88698072731495,
            48.2584857288748,
            431.28857421875
          ],
          [
            -84.88710662350059,
            48.258561082184315,
            432.25
          ],
          [
            -84.88735254853964,
            48.2587085198611,
            429.8465576171875
          ],
          [
            -84.88756754435599,
            48.258785381913185,
            428.8853759765625
          ],
          [
            -84.88783123902977,
            48.25891999527812,
            429.8465576171875
          ],
          [
            -84.88812142051756,
            48.259151419624686,
            430.8079833984375
          ],
          [
            -84.88836374133825,
            48.259280836209655,
            430.8079833984375
          ],
          [
            -84.88871368579566,
            48.25944051146507,
            432.730712890625
          ],
          [
            -84.88885995000601,
            48.25953799299896,
            434.6533203125
          ],
          [
            -84.88907033577561,
            48.2597844209522,
            435.1339111328125
          ],
          [
            -84.88911534659564,
            48.259928338229656,
            436.09521484375
          ],
          [
            -84.88918927498162,
            48.26008549891412,
            436.09521484375
          ],
          [
            -84.88944844342768,
            48.260552287101746,
            438.017822265625
          ],
          [
            -84.88954123109579,
            48.26104371808469,
            437.0565185546875
          ],
          [
            -84.88949873484671,
            48.261381424963474,
            435.614501953125
          ],
          [
            -84.88950493745506,
            48.26155920512974,
            434.172607421875
          ],
          [
            -84.88950300961733,
            48.26161276549101,
            433.2113037109375
          ],
          [
            -84.88958783447742,
            48.261763388291,
            432.25
          ],
          [
            -84.88961440511048,
            48.2618429325521,
            431.7691650390625
          ],
          [
            -84.88987332209945,
            48.26203688979149,
            430.8079833984375
          ],
          [
            -84.89009644836187,
            48.262100173160434,
            429.365966796875
          ],
          [
            -84.89047983661294,
            48.26202280819416,
            429.365966796875
          ],
          [
            -84.89074143581092,
            48.26189917512238,
            429.8465576171875
          ],
          [
            -84.89092617295682,
            48.26179230585694,
            430.3272705078125
          ],
          [
            -84.89121685735881,
            48.261777805164456,
            430.3272705078125
          ],
          [
            -84.89159018732607,
            48.261796748265624,
            433.69189453125
          ],
          [
            -84.89189352840185,
            48.26180529780686,
            436.575927734375
          ],
          [
            -84.89193082787097,
            48.261807058006525,
            437.0565185546875
          ],
          [
            -84.89231899380684,
            48.261757269501686,
            439.9404296875
          ],
          [
            -84.89287563599646,
            48.2616510707885,
            441.3824462890625
          ],
          [
            -84.8934299312532,
            48.26148041523993,
            441.3824462890625
          ],
          [
            -84.89380175247788,
            48.26145493425429,
            441.8631591796875
          ],
          [
            -84.89424347877502,
            48.2614509947598,
            440.90185546875
          ],
          [
            -84.89450683817267,
            48.26139986515045,
            440.4212646484375
          ],
          [
            -84.89493079483509,
            48.26107976026833,
            438.49853515625
          ],
          [
            -84.89496549591422,
            48.26073442585766,
            438.017822265625
          ],
          [
            -84.89496507681906,
            48.260494619607925,
            436.575927734375
          ],
          [
            -84.89514294080436,
            48.26010494492948,
            434.6533203125
          ],
          [
            -84.89544318057597,
            48.259811997413635,
            433.2113037109375
          ],
          [
            -84.89606176503003,
            48.259572107344866,
            428.4046630859375
          ],
          [
            -84.8969856183976,
            48.25927438214421,
            429.8465576171875
          ],
          [
            -84.89717940799892,
            48.2591678481549,
            431.7691650390625
          ],
          [
            -84.89771526306868,
            48.25890323147178,
            433.69189453125
          ],
          [
            -84.89821448922157,
            48.25846133753657,
            431.28857421875
          ],
          [
            -84.89848338067532,
            48.25821876525879,
            429.8465576171875
          ],
          [
            -84.89923481829464,
            48.257811991497874,
            428.4046630859375
          ],
          [
            -84.89981685765088,
            48.25745643116534,
            429.365966796875
          ],
          [
            -84.90028473548591,
            48.25749943032861,
            430.8079833984375
          ],
          [
            -84.90055027417839,
            48.25763479806483,
            432.730712890625
          ],
          [
            -84.90091689862311,
            48.25780880637467,
            434.172607421875
          ],
          [
            -84.90125988610089,
            48.25774686411023,
            432.730712890625
          ],
          [
            -84.90223537199199,
            48.257773853838444,
            434.6533203125
          ],
          [
            -84.90250225178897,
            48.257793970406055,
            437.537109375
          ],
          [
            -84.90287926979363,
            48.25774124823511,
            439.9404296875
          ],
          [
            -84.90339308045805,
            48.2577295973897,
            439.459716796875
          ],
          [
            -84.90356432273984,
            48.257719622924924,
            439.459716796875
          ],
          [
            -84.90456629544497,
            48.25754729099572,
            441.8631591796875
          ],
          [
            -84.90490484051406,
            48.25734470039606,
            438.49853515625
          ],
          [
            -84.90552426315844,
            48.2567726355046,
            436.09521484375
          ],
          [
            -84.90564932115376,
            48.256654031574726,
            435.1339111328125
          ],
          [
            -84.90575820207596,
            48.25657364912331,
            434.172607421875
          ],
          [
            -84.9061550013721,
            48.25619847513735,
            435.614501953125
          ],
          [
            -84.90690518170595,
            48.255745097994804,
            437.0565185546875
          ],
          [
            -84.90739359520376,
            48.2553621288389,
            436.575927734375
          ],
          [
            -84.90751848556101,
            48.25525341555476,
            436.09521484375
          ],
          [
            -84.90774923935533,
            48.255180828273296,
            436.09521484375
          ],
          [
            -84.90841945633292,
            48.25511586852372,
            437.0565185546875
          ],
          [
            -84.90887199528515,
            48.25517320074141,
            439.459716796875
          ],
          [
            -84.90924197249115,
            48.255102541297674,
            439.459716796875
          ],
          [
            -84.90936610847712,
            48.255103128030896,
            438.9791259765625
          ],
          [
            -84.90964162163436,
            48.255206728354096,
            438.017822265625
          ],
          [
            -84.91006566211581,
            48.25534410774708,
            438.017822265625
          ],
          [
            -84.91050420328975,
            48.255452904850245,
            439.459716796875
          ],
          [
            -84.91077586077154,
            48.255709391087294,
            439.459716796875
          ],
          [
            -84.9109554849565,
            48.25596218928695,
            438.49853515625
          ],
          [
            -84.91114768199623,
            48.256340296939015,
            437.537109375
          ],
          [
            -84.91139452904463,
            48.25662871822715,
            435.614501953125
          ],
          [
            -84.9116978701204,
            48.25680180452764,
            435.1339111328125
          ],
          [
            -84.9118654243648,
            48.257212433964014,
            432.730712890625
          ],
          [
            -84.9121111817658,
            48.25753765180707,
            432.25
          ],
          [
            -84.91237713955343,
            48.257753821089864,
            430.8079833984375
          ],
          [
            -84.91266681812704,
            48.258019275963306,
            430.3272705078125
          ],
          [
            -84.91291978396475,
            48.258167719468474,
            430.8079833984375
          ],
          [
            -84.91311558522284,
            48.25843661092222,
            432.25
          ],
          [
            -84.91306621581316,
            48.25857097283006,
            431.7691650390625
          ],
          [
            -84.91271836683154,
            48.25890683569014,
            428.8853759765625
          ],
          [
            -84.91250638850033,
            48.259250074625015,
            429.8465576171875
          ],
          [
            -84.9124801531434,
            48.25949055142701,
            430.3272705078125
          ],
          [
            -84.91254150867462,
            48.259816858917475,
            431.28857421875
          ],
          [
            -84.9127742741257,
            48.260217010974884,
            429.8465576171875
          ],
          [
            -84.91287963464856,
            48.26042513363063,
            428.4046630859375
          ],
          [
            -84.9129672255367,
            48.260668544098735,
            427.9239501953125
          ],
          [
            -84.91288617253304,
            48.26096693985164,
            427.443359375
          ],
          [
            -84.9128998350352,
            48.26138846576214,
            429.365966796875
          ],
          [
            -84.91281115449965,
            48.261773362755775,
            432.730712890625
          ],
          [
            -84.91274535655975,
            48.26187763363123,
            433.2113037109375
          ],
          [
            -84.91246749646962,
            48.26245967298746,
            432.730712890625
          ],
          [
            -84.91247797384858,
            48.262876672670245,
            429.365966796875
          ],
          [
            -84.91247688420117,
            48.26310407370329,
            427.9239501953125
          ],
          [
            -84.91251074708998,
            48.26310994103551,
            428.4046630859375
          ],
          [
            -84.91246012039483,
            48.26309133321047,
            429.365966796875
          ],
          [
            -84.91244520060718,
            48.262966526672244,
            430.3272705078125
          ],
          [
            -84.91250119172037,
            48.26311337761581,
            431.28857421875
          ],
          [
            -84.9124370701611,
            48.26305763795972,
            432.25
          ],
          [
            -84.9124508164823,
            48.263074066489935,
            432.730712890625
          ]
        ]
      },
      "properties": {
        "feature_type": "track",
        "name": "Princess Creek Truck Trail",
        "desc": "",
        "segment": 0,
        "point_count": 116
      }
    },
    {
      "type": "Feature",
      "geometry": {
        "type": "LineString",
        "coordinates": [
          [
            -84.90233394317329,
            48.258846402168274,
            444.7470703125
          ],
          [
            -84.90238515660167,
            48.258842043578625,
            443.7857666015625
          ],
          [
            -84.90239378996193,
            48.25881647877395,
            444.2664794921875
          ],
          [
            -84.90233545191586,
            48.25881823897362,
            444.2664794921875
          ],
          [
            -84.90236001089215,
            48.25884195975959,
            444.7470703125
          ],
          [
            -84.9025213625282,
            48.25893114320934,
            444.7470703125
          ],
          [
            -84.9028340075165,
            48.25898059643805,
            444.7470703125
          ],
          [
            -84.90295051597059,
            48.25905201025307,
            444.2664794921875
          ],
          [
            -84.90291397087276,
            48.25908277183771,
            444.7470703125
          ],
          [
            -84.90287960506976,
            48.25913205742836,
            445.2276611328125
          ],
          [
            -84.90291187539697,
            48.259215792641044,
            444.2664794921875
          ],
          [
            -84.9029740691185,
            48.25935308821499,
            444.2664794921875
          ],
          [
            -84.90304908715189,
            48.25957411900163,
            444.2664794921875
          ],
          [
            -84.90301220677793,
            48.25968182645738,
            444.2664794921875
          ],
          [
            -84.90299728699028,
            48.25984829105437,
            444.2664794921875
          ],
          [
            -84.9031796772033,
            48.26003168709576,
            444.2664794921875
          ],
          [
            -84.903424680233,
            48.260022047907114,
            443.7857666015625
          ],
          [
            -84.9035906419158,
            48.260012743994594,
            444.2664794921875
          ],
          [
            -84.90379708819091,
            48.26004191301763,
            444.2664794921875
          ],
          [
            -84.9039635527879,
            48.260062616318464,
            444.2664794921875
          ],
          [
            -84.90417519584298,
            48.26019136235118,
            444.7470703125
          ],
          [
            -84.90438382141292,
            48.26029043644667,
            445.2276611328125
          ],
          [
            -84.90447459742427,
            48.26033854857087,
            444.2664794921875
          ],
          [
            -84.90447593852878,
            48.26034927740693,
            444.2664794921875
          ],
          [
            -84.90450368262827,
            48.26044600456953,
            444.2664794921875
          ],
          [
            -84.90460376255214,
            48.26057433150709,
            444.7470703125
          ],
          [
            -84.90473594516516,
            48.2607030775398,
            444.7470703125
          ],
          [
            -84.90483367815614,
            48.260765271261334,
            444.2664794921875
          ],
          [
            -84.90503886714578,
            48.26085646636784,
            444.2664794921875
          ],
          [
            -84.905224442482,
            48.260979345068336,
            444.2664794921875
          ],
          [
            -84.90552334114909,
            48.26096744276583,
            443.3050537109375
          ],
          [
            -84.90562492981553,
            48.26094933785498,
            443.3050537109375
          ],
          [
            -84.90585383959115,
            48.26100591570139,
            443.7857666015625
          ],
          [
            -84.90593229420483,
            48.26108646579087,
            443.7857666015625
          ],
          [
            -84.90594394505024,
            48.26120138168335,
            444.2664794921875
          ],
          [
            -84.9060220643878,
            48.261317890137434,
            445.2276611328125
          ],
          [
            -84.90618492476642,
            48.26141704805195,
            444.2664794921875
          ],
          [
            -84.90631375461817,
            48.26158485375345,
            445.2276611328125
          ],
          [
            -84.90638860501349,
            48.26163883320987,
            445.2276611328125
          ],
          [
            -84.90663796663284,
            48.26180186122656,
            445.2276611328125
          ],
          [
            -84.9066973105073,
            48.261959524825215,
            445.2276611328125
          ],
          [
            -84.90674190223217,
            48.262034207582474,
            445.7083740234375
          ],
          [
            -84.90679822862148,
            48.262089025229216,
            445.7083740234375
          ],
          [
            -84.90687039680779,
            48.26216069050133,
            445.7083740234375
          ],
          [
            -84.90700366906822,
            48.262347942218184,
            445.7083740234375
          ],
          [
            -84.90695438347757,
            48.26243746094406,
            445.2276611328125
          ],
          [
            -84.90697483532131,
            48.26249529607594,
            444.7470703125
          ],
          [
            -84.90700752474368,
            48.26258464716375,
            445.2276611328125
          ],
          [
            -84.90710089914501,
            48.26276804320514,
            445.2276611328125
          ],
          [
            -84.9072377756238,
            48.26286259107292,
            445.2276611328125
          ],
          [
            -84.90714389830828,
            48.2629825361073,
            444.7470703125
          ],
          [
            -84.90720701403916,
            48.26314430683851,
            444.7470703125
          ],
          [
            -84.90725713782012,
            48.26339341700077,
            444.7470703125
          ],
          [
            -84.90721908397973,
            48.2634643279016,
            444.2664794921875
          ],
          [
            -84.90733089856803,
            48.26360983774066,
            444.2664794921875
          ],
          [
            -84.90742200985551,
            48.263736655935645,
            444.7470703125
          ],
          [
            -84.90744782611728,
            48.26386112719774,
            444.7470703125
          ],
          [
            -84.9074830301106,
            48.2639046292752,
            443.7857666015625
          ],
          [
            -84.90747355856001,
            48.2640013564378,
            443.3050537109375
          ],
          [
            -84.90743014030159,
            48.26406816020608,
            444.2664794921875
          ],
          [
            -84.90727390162647,
            48.26418600976467,
            444.2664794921875
          ],
          [
            -84.90722226910293,
            48.2643399015069,
            445.2276611328125
          ],
          [
            -84.90705815143883,
            48.264309810474515,
            444.2664794921875
          ],
          [
            -84.90686017088592,
            48.26430947519839,
            443.7857666015625
          ],
          [
            -84.90685078315437,
            48.26440050266683,
            443.7857666015625
          ],
          [
            -84.90683142095804,
            48.26452229171991,
            444.2664794921875
          ],
          [
            -84.90671784617007,
            48.26463025063276,
            444.2664794921875
          ],
          [
            -84.90675447508693,
            48.26447091065347,
            445.7083740234375
          ],
          [
            -84.9067855719477,
            48.264230182394385,
            445.2276611328125
          ],
          [
            -84.90672002546489,
            48.26405533589423,
            445.2276611328125
          ],
          [
            -84.90666805766523,
            48.26397377997637,
            445.7083740234375
          ],
          [
            -84.9064724240452,
            48.263719975948334,
            445.7083740234375
          ],
          [
            -84.90647569298744,
            48.2635938283056,
            445.7083740234375
          ],
          [
            -84.9064782075584,
            48.26348117552698,
            445.7083740234375
          ],
          [
            -84.90648767910898,
            48.26334144920111,
            446.669677734375
          ],
          [
            -84.90639606490731,
            48.26319267041981,
            445.7083740234375
          ],
          [
            -84.906294811517,
            48.26300164684653,
            445.2276611328125
          ],
          [
            -84.90615215152502,
            48.26288362964988,
            445.2276611328125
          ],
          [
            -84.90591117180884,
            48.26271867379546,
            445.7083740234375
          ],
          [
            -84.905856102705,
            48.262697383761406,
            445.7083740234375
          ],
          [
            -84.9055471457541,
            48.26248163357377,
            445.2276611328125
          ],
          [
            -84.90519686602056,
            48.26224501244724,
            444.7470703125
          ],
          [
            -84.90492864511907,
            48.26214694418013,
            445.2276611328125
          ],
          [
            -84.9046649504453,
            48.26208240352571,
            445.2276611328125
          ],
          [
            -84.90433931350708,
            48.262148620560765,
            445.7083740234375
          ],
          [
            -84.90403546951711,
            48.26224559918046,
            445.2276611328125
          ],
          [
            -84.90387478843331,
            48.26221785508096,
            445.7083740234375
          ],
          [
            -84.90372508764267,
            48.26222221367061,
            444.7470703125
          ],
          [
            -84.90336173214018,
            48.26219413429499,
            445.2276611328125
          ],
          [
            -84.90322854369879,
            48.26237367466092,
            444.7470703125
          ],
          [
            -84.903181521222,
            48.2626423984766,
            446.1890869140625
          ],
          [
            -84.90318093448877,
            48.26264885254204,
            446.669677734375
          ],
          [
            -84.90315637551248,
            48.26268724165857,
            444.7470703125
          ],
          [
            -84.903120752424,
            48.262824872508645,
            445.2276611328125
          ],
          [
            -84.90294531919062,
            48.26303517445922,
            445.2276611328125
          ],
          [
            -84.90279972553253,
            48.26321831904352,
            445.7083740234375
          ],
          [
            -84.902523458004,
            48.26310005038977,
            446.1890869140625
          ],
          [
            -84.90234777331352,
            48.26310005038977,
            445.7083740234375
          ],
          [
            -84.90243502892554,
            48.26321303844452,
            444.7470703125
          ],
          [
            -84.90225926041603,
            48.26316182501614,
            445.2276611328125
          ],
          [
            -84.90211802534759,
            48.26324002817273,
            445.7083740234375
          ],
          [
            -84.90198810584843,
            48.26349902898073,
            445.7083740234375
          ],
          [
            -84.90190193988383,
            48.26342862099409,
            445.7083740234375
          ],
          [
            -84.90185474976897,
            48.26330138370395,
            445.7083740234375
          ],
          [
            -84.90158845670521,
            48.26328529044986,
            445.7083740234375
          ],
          [
            -84.9013111833483,
            48.263354524970055,
            445.2276611328125
          ],
          [
            -84.90116693079472,
            48.263502381742,
            445.7083740234375
          ],
          [
            -84.9011246021837,
            48.26359533704817,
            443.7857666015625
          ],
          [
            -84.90089049562812,
            48.26374126598239,
            444.7470703125
          ],
          [
            -84.90067784674466,
            48.263658955693245,
            444.7470703125
          ],
          [
            -84.90053585730493,
            48.26350774616003,
            446.1890869140625
          ],
          [
            -84.90027266554534,
            48.263431722298265,
            446.1890869140625
          ],
          [
            -84.9002474360168,
            48.26332409866154,
            446.1890869140625
          ],
          [
            -84.90034290589392,
            48.263209434226155,
            446.669677734375
          ],
          [
            -84.90038607269526,
            48.263071132823825,
            446.669677734375
          ],
          [
            -84.9004686344415,
            48.262875666841865,
            446.669677734375
          ],
          [
            -84.90047533996403,
            48.26277676038444,
            447.1502685546875
          ],
          [
            -84.90050853230059,
            48.262618174776435,
            446.669677734375
          ],
          [
            -84.90062638185918,
            48.2624386344105,
            446.669677734375
          ],
          [
            -84.9007807765156,
            48.26224207878113,
            446.669677734375
          ],
          [
            -84.90093902684748,
            48.2620813138783,
            447.1502685546875
          ],
          [
            -84.90104103460908,
            48.26200026087463,
            447.1502685546875
          ],
          [
            -84.90110498853028,
            48.261779146268964,
            447.1502685546875
          ],
          [
            -84.90107380785048,
            48.26153229922056,
            447.6309814453125
          ],
          [
            -84.9011370074004,
            48.26130900532007,
            447.1502685546875
          ],
          [
            -84.90119232796133,
            48.26105955988169,
            447.6309814453125
          ],
          [
            -84.90120523609221,
            48.26082528568804,
            447.6309814453125
          ],
          [
            -84.90115938708186,
            48.26064339838922,
            447.6309814453125
          ],
          [
            -84.90120188333094,
            48.26050719246268,
            447.1502685546875
          ],
          [
            -84.901178246364,
            48.2603370398283,
            447.6309814453125
          ],
          [
            -84.90109752863646,
            48.260272750630975,
            446.669677734375
          ],
          [
            -84.90095000714064,
            48.260175017639995,
            447.6309814453125
          ],
          [
            -84.90086652338505,
            48.2602315954864,
            447.1502685546875
          ],
          [
            -84.90082352422178,
            48.26029160991311,
            447.1502685546875
          ],
          [
            -84.900665525347,
            48.26037207618356,
            446.669677734375
          ],
          [
            -84.90081639960408,
            48.26040476560593,
            446.669677734375
          ],
          [
            -84.90100842900574,
            48.2604890037328,
            447.1502685546875
          ],
          [
            -84.90110306069255,
            48.26061154715717,
            447.1502685546875
          ],
          [
            -84.90116408094764,
            48.26059402897954,
            447.1502685546875
          ],
          [
            -84.90130674093962,
            48.26046100817621,
            447.1502685546875
          ],
          [
            -84.90127036347985,
            48.26060098595917,
            447.1502685546875
          ],
          [
            -84.9011642485857,
            48.26080902479589,
            447.1502685546875
          ],
          [
            -84.90109417587519,
            48.260781867429614,
            447.6309814453125
          ],
          [
            -84.90104891359806,
            48.26053543947637,
            447.1502685546875
          ],
          [
            -84.90091245621443,
            48.26042404398322,
            447.6309814453125
          ],
          [
            -84.90084213204682,
            48.260351456701756,
            447.1502685546875
          ],
          [
            -84.90074532106519,
            48.26037903316319,
            447.1502685546875
          ],
          [
            -84.9007086083293,
            48.26051088050008,
            446.669677734375
          ],
          [
            -84.9006499350071,
            48.26062244363129,
            445.7083740234375
          ],
          [
            -84.90054281428456,
            48.26091933064163,
            445.7083740234375
          ],
          [
            -84.90042764693499,
            48.26081044971943,
            445.2276611328125
          ],
          [
            -84.90030476823449,
            48.26069167815149,
            445.2276611328125
          ],
          [
            -84.90012355148792,
            48.26066242530942,
            445.7083740234375
          ],
          [
            -84.90005867555737,
            48.260743310675025,
            446.669677734375
          ],
          [
            -84.90008608438075,
            48.260862585157156,
            444.7470703125
          ],
          [
            -84.8999937158078,
            48.26096668839455,
            445.7083740234375
          ],
          [
            -84.90002674050629,
            48.261011112481356,
            445.2276611328125
          ],
          [
            -84.90007971413434,
            48.260928466916084,
            445.7083740234375
          ],
          [
            -84.90005800500512,
            48.26087390072644,
            445.2276611328125
          ],
          [
            -84.90002573467791,
            48.2607879023999,
            445.2276611328125
          ],
          [
            -84.89983311854303,
            48.260791255161166,
            445.7083740234375
          ],
          [
            -84.89980923011899,
            48.260857220739126,
            445.7083740234375
          ],
          [
            -84.89979146048427,
            48.260762337595224,
            445.7083740234375
          ],
          [
            -84.89988885819912,
            48.260685224086046,
            445.7083740234375
          ],
          [
            -84.90013662725687,
            48.26050258241594,
            445.2276611328125
          ],
          [
            -84.90021583624184,
            48.260358246043324,
            445.7083740234375
          ],
          [
            -84.90002632141113,
            48.2602714933455,
            444.7470703125
          ],
          [
            -84.89996672607958,
            48.26035405509174,
            444.7470703125
          ],
          [
            -84.89998600445688,
            48.26051381416619,
            443.3050537109375
          ],
          [
            -84.90004559978843,
            48.26064331457019,
            444.7470703125
          ],
          [
            -84.89995071664453,
            48.26075538061559,
            444.2664794921875
          ],
          [
            -84.89996949210763,
            48.2607392873615,
            444.7470703125
          ],
          [
            -84.90006680600345,
            48.260672902688384,
            444.2664794921875
          ],
          [
            -84.90009077824652,
            48.260613894090056,
            443.7857666015625
          ],
          [
            -84.9002749286592,
            48.26050350442529,
            444.2664794921875
          ],
          [
            -84.90021181292832,
            48.260445250198245,
            444.2664794921875
          ],
          [
            -84.90009446628392,
            48.26061414554715,
            443.7857666015625
          ],
          [
            -84.89985608495772,
            48.26072252355516,
            443.7857666015625
          ],
          [
            -84.89976438693702,
            48.26080475002527,
            443.3050537109375
          ],
          [
            -84.89974150434136,
            48.26085831038654,
            442.824462890625
          ],
          [
            -84.89962482824922,
            48.260936262086034,
            442.824462890625
          ],
          [
            -84.89960261620581,
            48.26099703088403,
            442.824462890625
          ],
          [
            -84.89956741221249,
            48.26106274500489,
            442.824462890625
          ],
          [
            -84.89949247799814,
            48.26104975305498,
            442.824462890625
          ],
          [
            -84.89951443858445,
            48.260863004252315,
            442.824462890625
          ],
          [
            -84.89958358928561,
            48.26071724295616,
            443.7857666015625
          ],
          [
            -84.89962667226791,
            48.26059537008405,
            442.3438720703125
          ],
          [
            -84.89968199282885,
            48.260508282110095,
            443.3050537109375
          ],
          [
            -84.89967000670731,
            48.260481460019946,
            442.824462890625
          ],
          [
            -84.89967654459178,
            48.26051532290876,
            443.3050537109375
          ],
          [
            -84.89972515963018,
            48.26053066179156,
            443.7857666015625
          ],
          [
            -84.89976438693702,
            48.26057433150709,
            443.7857666015625
          ],
          [
            -84.89971526898444,
            48.26066041365266,
            443.3050537109375
          ],
          [
            -84.89968995563686,
            48.260698383674026,
            443.3050537109375
          ],
          [
            -84.89967461675406,
            48.26073442585766,
            443.3050537109375
          ],
          [
            -84.89974510855973,
            48.26083299703896,
            443.7857666015625
          ],
          [
            -84.89973555319011,
            48.2608706317842,
            442.824462890625
          ],
          [
            -84.89972247742116,
            48.26101773418486,
            443.3050537109375
          ],
          [
            -84.89966908469796,
            48.2611090131104,
            441.8631591796875
          ],
          [
            -84.89971761591733,
            48.26103969477117,
            443.3050537109375
          ],
          [
            -84.89976891316473,
            48.260950511321425,
            442.824462890625
          ],
          [
            -84.89997376687825,
            48.26085831038654,
            442.824462890625
          ],
          [
            -84.90032505244017,
            48.260787315666676,
            443.3050537109375
          ],
          [
            -84.90061774849892,
            48.26065965928137,
            442.824462890625
          ],
          [
            -84.90091681480408,
            48.26046762987971,
            443.3050537109375
          ],
          [
            -84.90115611813962,
            48.260261518880725,
            443.3050537109375
          ],
          [
            -84.90135074593127,
            48.26014551334083,
            443.3050537109375
          ],
          [
            -84.90140648558736,
            48.260190691798925,
            443.3050537109375
          ],
          [
            -84.90134974010289,
            48.26029018498957,
            443.3050537109375
          ],
          [
            -84.90138427354395,
            48.26036327518523,
            443.3050537109375
          ],
          [
            -84.90139525383711,
            48.26045924797654,
            442.824462890625
          ],
          [
            -84.90136809647083,
            48.260687571018934,
            442.3438720703125
          ],
          [
            -84.90136566571891,
            48.26085143722594,
            442.824462890625
          ],
          [
            -84.90136558189988,
            48.26093265786767,
            442.3438720703125
          ],
          [
            -84.90140690468252,
            48.26109384186566,
            442.824462890625
          ],
          [
            -84.90156448446214,
            48.26122233644128,
            442.824462890625
          ],
          [
            -84.90157186053693,
            48.26142115518451,
            441.8631591796875
          ],
          [
            -84.90170228295028,
            48.26150539331138,
            442.824462890625
          ],
          [
            -84.90161125548184,
            48.26136692427099,
            442.824462890625
          ],
          [
            -84.90150053054094,
            48.2612522598356,
            442.824462890625
          ],
          [
            -84.90142383612692,
            48.26107917353511,
            443.3050537109375
          ],
          [
            -84.90129148587584,
            48.26093349605799,
            442.824462890625
          ],
          [
            -84.90101588889956,
            48.26072629541159,
            442.3438720703125
          ],
          [
            -84.90082528442144,
            48.26049730181694,
            441.8631591796875
          ],
          [
            -84.90072134882212,
            48.260345589369535,
            441.8631591796875
          ],
          [
            -84.90064524114132,
            48.26021868735552,
            441.8631591796875
          ],
          [
            -84.90053325891495,
            48.26020183973014,
            441.8631591796875
          ],
          [
            -84.90031851455569,
            48.260159930214286,
            441.8631591796875
          ],
          [
            -84.90026730112731,
            48.260128162801266,
            441.3824462890625
          ],
          [
            -84.90021885372698,
            48.260020622983575,
            442.824462890625
          ],
          [
            -84.90012078545988,
            48.25997351668775,
            442.3438720703125
          ],
          [
            -84.90001391619444,
            48.25994451530278,
            442.3438720703125
          ],
          [
            -84.89999312907457,
            48.2599485386163,
            441.8631591796875
          ],
          [
            -84.89998181350529,
            48.25996320694685,
            440.4212646484375
          ],
          [
            -84.90005406551063,
            48.260018192231655,
            440.4212646484375
          ],
          [
            -84.9001057818532,
            48.260086085647345,
            440.4212646484375
          ],
          [
            -84.90016110241413,
            48.26014484278858,
            440.4212646484375
          ],
          [
            -84.90022094920278,
            48.26018985360861,
            440.90185546875
          ],
          [
            -84.90020493976772,
            48.26023553498089,
            440.4212646484375
          ],
          [
            -84.90013570524752,
            48.26033159159124,
            439.9404296875
          ],
          [
            -84.9001866672188,
            48.26061213389039,
            440.90185546875
          ],
          [
            -84.90015925839543,
            48.26073174364865,
            439.9404296875
          ],
          [
            -84.90010703913867,
            48.26084724627435,
            440.4212646484375
          ],
          [
            -84.90004727616906,
            48.261045813560486,
            439.459716796875
          ],
          [
            -84.90021575242281,
            48.26077532954514,
            439.459716796875
          ],
          [
            -84.90038255229592,
            48.260538121685386,
            439.459716796875
          ],
          [
            -84.90057022310793,
            48.26039353385568,
            439.459716796875
          ],
          [
            -84.90085596218705,
            48.26034810394049,
            439.9404296875
          ],
          [
            -84.901188807562,
            48.26034097932279,
            439.9404296875
          ],
          [
            -84.90128955803812,
            48.26026135124266,
            439.9404296875
          ],
          [
            -84.901492735371,
            48.26013629324734,
            439.459716796875
          ],
          [
            -84.9018949829042,
            48.26000419445336,
            439.459716796875
          ],
          [
            -84.902282981202,
            48.259957088157535,
            439.459716796875
          ],
          [
            -84.9026167485863,
            48.25988391414285,
            439.459716796875
          ],
          [
            -84.90277332253754,
            48.25976639986038,
            439.459716796875
          ],
          [
            -84.90287298336625,
            48.25953992083669,
            439.459716796875
          ],
          [
            -84.90283844992518,
            48.259382424876094,
            439.459716796875
          ],
          [
            -84.90274750627577,
            48.25917103327811,
            439.9404296875
          ],
          [
            -84.90267416462302,
            48.25908034108579,
            439.9404296875
          ],
          [
            -84.90256637334824,
            48.25900171883404,
            439.9404296875
          ],
          [
            -84.9024835601449,
            48.25892041437328,
            439.459716796875
          ],
          [
            -84.9024455063045,
            48.25885604135692,
            439.9404296875
          ]
        ]
      },
      "properties": {
        "feature_type": "track",
        "name": "Princess Lake",
        "desc": "",
        "segment": 0,
        "point_count": 262
      }
    },
    {
      "type": "Feature",
      "geometry": {
        "type": "LineString",
        "coordinates": [
          [
            -84.90237115882337,
            48.25876249931753,
            439.9404296875
          ],
          [
            -84.90234643220901,
            48.258781023323536,
            438.9791259765625
          ],
          [
            -84.90227208472788,
            48.258743304759264,
            438.9791259765625
          ],
          [
            -84.90226864814758,
            48.25873936526477,
            439.459716796875
          ],
          [
            -84.90222757682204,
            48.258695444092155,
            439.9404296875
          ],
          [
            -84.90218575112522,
            48.25865663588047,
            438.9791259765625
          ],
          [
            -84.90218952298164,
            48.25864003971219,
            438.9791259765625
          ],
          [
            -84.90218357183039,
            48.25857591815293,
            439.459716796875
          ],
          [
            -84.90220997482538,
            48.25852990150452,
            439.9404296875
          ],
          [
            -84.90218742750585,
            48.25846594758332,
            439.9404296875
          ],
          [
            -84.90213235840201,
            48.258407609537244,
            439.9404296875
          ],
          [
            -84.90206446498632,
            48.258316833525896,
            439.9404296875
          ],
          [
            -84.90197712555528,
            48.25822287239134,
            440.4212646484375
          ],
          [
            -84.90196916274726,
            48.25818766839802,
            440.4212646484375
          ],
          [
            -84.90190277807415,
            48.25816763564944,
            442.3438720703125
          ],
          [
            -84.90189271979034,
            48.258178448304534,
            442.824462890625
          ],
          [
            -84.90186975337565,
            48.258192613720894,
            443.3050537109375
          ],
          [
            -84.90182465873659,
            48.258170150220394,
            444.2664794921875
          ]
        ]
      },
      "properties": {
        "feature_type": "track",
        "name": "Princess Lake Portage",
        "desc": "",
        "segment": 0,
        "point_count": 18
      }
    },
    {
      "type": "Feature",
      "geometry": {
        "type": "LineString",
        "coordinates": [
          [
            -84.90082134492695,
            48.257694309577346,
            450.034423828125
          ],
          [
            -84.90091170184314,
            48.25772347860038,
            453.39892578125
          ],
          [
            -84.90091245621443,
            48.25772222131491,
            453.39892578125
          ],
          [
            -84.90090474486351,
            48.25771291740239,
            450.034423828125
          ],
          [
            -84.90089971572161,
            48.25770922936499,
            450.5150146484375
          ],
          [
            -84.90100440569222,
            48.257763711735606,
            450.5150146484375
          ],
          [
            -84.90102108567953,
            48.257771926000714,
            453.39892578125
          ],
          [
            -84.9012002069503,
            48.25786404311657,
            451.95703125
          ],
          [
            -84.90130799822509,
            48.2579193636775,
            450.99560546875
          ],
          [
            -84.90132031962276,
            48.257939564064145,
            450.99560546875
          ],
          [
            -84.9014766421169,
            48.25804425403476,
            451.476318359375
          ],
          [
            -84.90153129212558,
            48.25805397704244,
            451.95703125
          ],
          [
            -84.90155124105513,
            48.25805959291756,
            448.5924072265625
          ],
          [
            -84.90173128433526,
            48.258136035874486,
            449.072998046875
          ],
          [
            -84.90175534039736,
            48.25814793817699,
            448.5924072265625
          ],
          [
            -84.90175877697766,
            48.2581886742264,
            448.5924072265625
          ]
        ]
      },
      "properties": {
        "feature_type": "track",
        "name": "Princess Lake Truck Trail",
        "desc": "",
        "segment": 0,
        "point_count": 16
      }
    },
    {
      "type": "Feature",
      "geometry": {
        "type": "LineString",
        "coordinates": [
          [
            -84.87791452556849,
            48.33493857644498,
            444.2664794921875
          ],
          [
            -84.87791628576815,
            48.33493656478822,
            442.824462890625
          ],
          [
            -84.87791611813009,
            48.33493606187403,
            445.7083740234375
          ],
          [
            -84.87791553139687,
            48.33493555895984,
            442.824462890625
          ],
          [
            -84.87791553139687,
            48.33493555895984,
            443.7857666015625
          ],
          [
            -84.87791527993977,
            48.33493505604565,
            447.1502685546875
          ],
          [
            -84.87791527993977,
            48.33493505604565,
            445.7083740234375
          ],
          [
            -84.87791502848268,
            48.33493505604565,
            443.7857666015625
          ],
          [
            -84.87777119502425,
            48.33504997193813,
            444.2664794921875
          ],
          [
            -84.87766642123461,
            48.33522766828537,
            444.7470703125
          ],
          [
            -84.87754940986633,
            48.33545330911875,
            445.2276611328125
          ],
          [
            -84.87776641733944,
            48.33553939126432,
            445.2276611328125
          ],
          [
            -84.87796791829169,
            48.33542606793344,
            445.2276611328125
          ],
          [
            -84.87806162796915,
            48.33540997467935,
            445.2276611328125
          ],
          [
            -84.87828743644059,
            48.335416596382856,
            444.7470703125
          ],
          [
            -84.87839933484793,
            48.33544819615781,
            445.2276611328125
          ],
          [
            -84.87845960073173,
            48.33552757278085,
            445.2276611328125
          ],
          [
            -84.87863067537546,
            48.335618264973164,
            445.7083740234375
          ],
          [
            -84.87873720936477,
            48.33553017117083,
            445.7083740234375
          ],
          [
            -84.87883041612804,
            48.33542254753411,
            445.7083740234375
          ],
          [
            -84.87889705225825,
            48.33544266410172,
            445.7083740234375
          ],
          [
            -84.87899160012603,
            48.33554073236883,
            446.1890869140625
          ],
          [
            -84.87902521155775,
            48.335559675469995,
            443.7857666015625
          ],
          [
            -84.87898313440382,
            48.3356093801558,
            444.2664794921875
          ],
          [
            -84.87918899394572,
            48.33568096160889,
            444.2664794921875
          ],
          [
            -84.87934162840247,
            48.33577550947666,
            444.2664794921875
          ],
          [
            -84.87952871248126,
            48.335791351273656,
            444.2664794921875
          ],
          [
            -84.87953759729862,
            48.33588841371238,
            444.2664794921875
          ],
          [
            -84.87943961285055,
            48.3359117154032,
            443.7857666015625
          ],
          [
            -84.87941052764654,
            48.33613056689501,
            444.2664794921875
          ],
          [
            -84.87968520261347,
            48.336177840828896,
            444.2664794921875
          ],
          [
            -84.87997395917773,
            48.33630071952939,
            443.7857666015625
          ],
          [
            -84.88026305101812,
            48.33642921410501,
            443.7857666015625
          ],
          [
            -84.88058608956635,
            48.33651680499315,
            443.7857666015625
          ],
          [
            -84.8808716610074,
            48.336589224636555,
            443.7857666015625
          ],
          [
            -84.88119570538402,
            48.33655930124223,
            443.7857666015625
          ],
          [
            -84.88145638257265,
            48.33641764707863,
            443.7857666015625
          ],
          [
            -84.88159091211855,
            48.336377162486315,
            443.7857666015625
          ],
          [
            -84.88172611221671,
            48.336276579648256,
            443.3050537109375
          ],
          [
            -84.88168185576797,
            48.33623408339918,
            443.3050537109375
          ],
          [
            -84.88164748996496,
            48.33629049360752,
            443.7857666015625
          ],
          [
            -84.88176911137998,
            48.33633039146662,
            443.3050537109375
          ],
          [
            -84.8814900778234,
            48.3362087700516,
            441.8631591796875
          ],
          [
            -84.88138237036765,
            48.33618245087564,
            441.8631591796875
          ],
          [
            -84.88153031095862,
            48.33628068678081,
            442.3438720703125
          ],
          [
            -84.88164061680436,
            48.336396273225546,
            441.3824462890625
          ],
          [
            -84.88177875056863,
            48.33650934509933,
            442.3438720703125
          ],
          [
            -84.8817334882915,
            48.33661487326026,
            441.8631591796875
          ],
          [
            -84.88173407502472,
            48.33692483603954,
            441.8631591796875
          ],
          [
            -84.88170272670686,
            48.33701703697443,
            441.3824462890625
          ],
          [
            -84.88169618882239,
            48.3371239900589,
            441.3824462890625
          ],
          [
            -84.88159644417465,
            48.33731945604086,
            440.90185546875
          ],
          [
            -84.88152980804443,
            48.33741534501314,
            440.90185546875
          ],
          [
            -84.8814552091062,
            48.33751056343317,
            441.3824462890625
          ],
          [
            -84.88123417831957,
            48.33760293200612,
            441.8631591796875
          ],
          [
            -84.88101004622877,
            48.3377680554986,
            441.8631591796875
          ],
          [
            -84.88081047311425,
            48.3378941193223,
            441.3824462890625
          ],
          [
            -84.88061257638037,
            48.33805144764483,
            441.8631591796875
          ],
          [
            -84.88040051423013,
            48.338233418762684,
            441.8631591796875
          ],
          [
            -84.88023111596704,
            48.3383740670979,
            441.8631591796875
          ],
          [
            -84.88009038381279,
            48.338413713499904,
            441.8631591796875
          ],
          [
            -84.8798116017133,
            48.33847314119339,
            441.8631591796875
          ],
          [
            -84.87949032336473,
            48.33855075761676,
            441.3824462890625
          ],
          [
            -84.8791588190943,
            48.338642874732614,
            441.3824462890625
          ],
          [
            -84.87888012081385,
            48.33872267045081,
            441.3824462890625
          ],
          [
            -84.87854559905827,
            48.33885200321674,
            441.3824462890625
          ],
          [
            -84.87823898904026,
            48.33895241841674,
            441.3824462890625
          ],
          [
            -84.87796163186431,
            48.33905836567283,
            441.3824462890625
          ],
          [
            -84.87771428190172,
            48.33915534429252,
            441.3824462890625
          ],
          [
            -84.87751437351108,
            48.339192140847445,
            441.3824462890625
          ],
          [
            -84.87724481150508,
            48.33930613473058,
            441.3824462890625
          ],
          [
            -84.87706049345434,
            48.33944024518132,
            441.3824462890625
          ],
          [
            -84.87679931335151,
            48.339630430564284,
            441.8631591796875
          ],
          [
            -84.87659119069576,
            48.339784909039736,
            441.8631591796875
          ],
          [
            -84.8763254005462,
            48.33994818851352,
            441.3824462890625
          ],
          [
            -84.87613278441131,
            48.340043406933546,
            441.8631591796875
          ],
          [
            -84.87583204172552,
            48.34015446715057,
            441.8631591796875
          ],
          [
            -84.87548712641001,
            48.34022789262235,
            442.824462890625
          ],
          [
            -84.87519308924675,
            48.34028162062168,
            442.3438720703125
          ],
          [
            -84.87489117309451,
            48.34026049822569,
            441.8631591796875
          ],
          [
            -84.87472697161138,
            48.34019914269447,
            441.8631591796875
          ],
          [
            -84.87458883784711,
            48.34003670141101,
            441.8631591796875
          ],
          [
            -84.87449018284678,
            48.33992932923138,
            441.3824462890625
          ],
          [
            -84.87468221224844,
            48.34004860371351,
            441.3824462890625
          ],
          [
            -84.87468598410487,
            48.3400612603873,
            441.3824462890625
          ],
          [
            -84.87482688389719,
            48.34021112881601,
            441.8631591796875
          ],
          [
            -84.87523248419166,
            48.34032252430916,
            441.3824462890625
          ],
          [
            -84.87554211169481,
            48.34041849710047,
            441.8631591796875
          ],
          [
            -84.87593304365873,
            48.340514386072755,
            441.8631591796875
          ],
          [
            -84.87628994509578,
            48.340593092143536,
            441.8631591796875
          ],
          [
            -84.87664961256087,
            48.34060365334153,
            441.8631591796875
          ],
          [
            -84.87689872272313,
            48.340678084641695,
            441.3824462890625
          ],
          [
            -84.8770778439939,
            48.340741619467735,
            442.3438720703125
          ],
          [
            -84.87719535827637,
            48.34086852148175,
            441.8631591796875
          ],
          [
            -84.87730893306434,
            48.3409093413502,
            441.8631591796875
          ],
          [
            -84.87748947925866,
            48.34101654589176,
            441.8631591796875
          ],
          [
            -84.87758017145097,
            48.3410993590951,
            441.8631591796875
          ],
          [
            -84.87765946425498,
            48.34123933687806,
            441.8631591796875
          ],
          [
            -84.87777245230973,
            48.34131536073983,
            442.3438720703125
          ],
          [
            -84.87788275815547,
            48.34149255417287,
            442.824462890625
          ],
          [
            -84.87802483141422,
            48.34163052029908,
            442.3438720703125
          ],
          [
            -84.87819029018283,
            48.34174267016351,
            442.3438720703125
          ],
          [
            -84.8782007675618,
            48.34182841703296,
            442.824462890625
          ],
          [
            -84.87830244004726,
            48.341911816969514,
            442.824462890625
          ],
          [
            -84.87831040285528,
            48.34199312143028,
            442.824462890625
          ],
          [
            -84.87849446944892,
            48.3419989887625,
            442.824462890625
          ],
          [
            -84.87847032956779,
            48.34196579642594,
            443.3050537109375
          ],
          [
            -84.87832356244326,
            48.34200410172343,
            442.824462890625
          ],
          [
            -84.87831568345428,
            48.342133769765496,
            442.824462890625
          ],
          [
            -84.87849379889667,
            48.3422025013715,
            443.3050537109375
          ],
          [
            -84.87884039059281,
            48.342077024281025,
            442.824462890625
          ],
          [
            -84.87926233559847,
            48.3419609349221,
            442.824462890625
          ],
          [
            -84.87937523983419,
            48.34193620830774,
            442.824462890625
          ],
          [
            -84.87972283735871,
            48.34190192632377,
            442.824462890625
          ],
          [
            -84.87988410517573,
            48.34189245477319,
            443.3050537109375
          ],
          [
            -84.87987119704485,
            48.342011058703065,
            442.824462890625
          ],
          [
            -84.88004478625953,
            48.34216855466366,
            442.824462890625
          ],
          [
            -84.88010161556304,
            48.3422854822129,
            442.824462890625
          ],
          [
            -84.8801208101213,
            48.34237810224295,
            443.3050537109375
          ],
          [
            -84.8801157809794,
            48.34234641864896,
            443.3050537109375
          ],
          [
            -84.87974756397307,
            48.342484049499035,
            442.824462890625
          ],
          [
            -84.87984060309827,
            48.34263492375612,
            442.824462890625
          ],
          [
            -84.87988536246121,
            48.34270373918116,
            442.824462890625
          ],
          [
            -84.88005199469626,
            48.342777164652944,
            443.7857666015625
          ],
          [
            -84.88013355061412,
            48.34278370253742,
            443.3050537109375
          ],
          [
            -84.88017998635769,
            48.34285218268633,
            443.3050537109375
          ],
          [
            -84.88022382371128,
            48.342970283702016,
            443.3050537109375
          ],
          [
            -84.88025961443782,
            48.343137418851256,
            443.3050537109375
          ],
          [
            -84.88026757724583,
            48.343282425776124,
            443.7857666015625
          ],
          [
            -84.88028392195702,
            48.34340983070433,
            443.7857666015625
          ],
          [
            -84.88035307265818,
            48.34351225756109,
            443.7857666015625
          ],
          [
            -84.88052892498672,
            48.34361996501684,
            444.2664794921875
          ],
          [
            -84.88063017837703,
            48.34369271993637,
            444.2664794921875
          ],
          [
            -84.88081701099873,
            48.34373412653804,
            444.7470703125
          ],
          [
            -84.88096411339939,
            48.343747705221176,
            444.2664794921875
          ],
          [
            -84.8810410592705,
            48.343793638050556,
            444.2664794921875
          ],
          [
            -84.88120366819203,
            48.34386873990297,
            444.7470703125
          ],
          [
            -84.88130751997232,
            48.344016848132014,
            444.7470703125
          ],
          [
            -84.88132294267416,
            48.34411324001849,
            444.2664794921875
          ],
          [
            -84.88153567537665,
            48.34424877539277,
            444.2664794921875
          ],
          [
            -84.88153835758567,
            48.34429043345153,
            444.7470703125
          ],
          [
            -84.88151589408517,
            48.344287080690265,
            448.11181640625
          ],
          [
            -84.88135144114494,
            48.34421943873167,
            449.5537109375
          ],
          [
            -84.88102714531124,
            48.344049621373415,
            449.5537109375
          ],
          [
            -84.88075741566718,
            48.34392322227359,
            449.072998046875
          ],
          [
            -84.8804902844131,
            48.343769581988454,
            449.072998046875
          ],
          [
            -84.88030831329525,
            48.343622563406825,
            449.072998046875
          ],
          [
            -84.88008786924183,
            48.3433872833848,
            448.5924072265625
          ],
          [
            -84.87983959726989,
            48.34313255734742,
            448.5924072265625
          ],
          [
            -84.87956668250263,
            48.34290800616145,
            448.5924072265625
          ],
          [
            -84.87923819571733,
            48.34269393235445,
            448.11181640625
          ],
          [
            -84.8789928574115,
            48.342486061155796,
            448.11181640625
          ],
          [
            -84.87870602868497,
            48.34224474616349,
            448.11181640625
          ],
          [
            -84.87844451330602,
            48.342055482789874,
            447.6309814453125
          ],
          [
            -84.87820646725595,
            48.341840570792556,
            447.6309814453125
          ],
          [
            -84.87793858163059,
            48.341617276892066,
            447.1502685546875
          ],
          [
            -84.87769014202058,
            48.341358695179224,
            447.6309814453125
          ],
          [
            -84.87755561247468,
            48.341127689927816,
            447.1502685546875
          ],
          [
            -84.87735503353179,
            48.340874556452036,
            447.6309814453125
          ],
          [
            -84.87710986286402,
            48.34067288786173,
            447.6309814453125
          ],
          [
            -84.87694054841995,
            48.34046392701566,
            447.6309814453125
          ],
          [
            -84.87663318403065,
            48.340328224003315,
            447.1502685546875
          ],
          [
            -84.87643587403,
            48.3403099514544,
            447.1502685546875
          ],
          [
            -84.87625214271247,
            48.34038991481066,
            446.669677734375
          ],
          [
            -84.875997165218,
            48.340506087988615,
            446.669677734375
          ],
          [
            -84.8758949059993,
            48.34061186760664,
            446.669677734375
          ],
          [
            -84.87580681219697,
            48.3407314773649,
            446.669677734375
          ],
          [
            -84.87566188909113,
            48.34078352898359,
            446.1890869140625
          ],
          [
            -84.8754942510277,
            48.34087732248008,
            446.1890869140625
          ],
          [
            -84.87525654025376,
            48.34100120700896,
            446.1890869140625
          ],
          [
            -84.8750129621476,
            48.34119231440127,
            446.1890869140625
          ],
          [
            -84.87479402683675,
            48.34134880453348,
            446.1890869140625
          ],
          [
            -84.87455019727349,
            48.341512167826295,
            446.1890869140625
          ],
          [
            -84.87442287616432,
            48.34158324636519,
            445.7083740234375
          ],
          [
            -84.87431324087083,
            48.34168156608939,
            446.1890869140625
          ],
          [
            -84.87401342019439,
            48.341885497793555,
            445.7083740234375
          ],
          [
            -84.87394938245416,
            48.34191927686334,
            445.7083740234375
          ],
          [
            -84.87417921423912,
            48.341815089806914,
            445.7083740234375
          ],
          [
            -84.87452957779169,
            48.34174610674381,
            445.7083740234375
          ],
          [
            -84.8746033385396,
            48.34177225828171,
            445.7083740234375
          ],
          [
            -84.87452303990722,
            48.34185440093279,
            445.7083740234375
          ],
          [
            -84.87438071519136,
            48.341898154467344,
            445.7083740234375
          ],
          [
            -84.87424040213227,
            48.34199085831642,
            445.7083740234375
          ],
          [
            -84.87418223172426,
            48.3420592546463,
            445.7083740234375
          ],
          [
            -84.87393186427653,
            48.342192862182856,
            444.7470703125
          ],
          [
            -84.87384066917002,
            48.342316411435604,
            444.7470703125
          ],
          [
            -84.87374754622579,
            48.34238966926932,
            444.2664794921875
          ],
          [
            -84.87370328977704,
            48.342492850497365,
            444.2664794921875
          ],
          [
            -84.87374000251293,
            48.342411713674664,
            443.7857666015625
          ],
          [
            -84.87369298003614,
            48.34245169535279,
            443.3050537109375
          ],
          [
            -84.87356289289892,
            48.34253408946097,
            442.824462890625
          ],
          [
            -84.87348997034132,
            48.342580273747444,
            442.824462890625
          ],
          [
            -84.87387478351593,
            48.342544650658965,
            442.3438720703125
          ],
          [
            -84.87397762946784,
            48.34255370311439,
            441.8631591796875
          ],
          [
            -84.87387754954398,
            48.34245353937149,
            440.4212646484375
          ],
          [
            -84.87400780431926,
            48.342270478606224,
            439.9404296875
          ],
          [
            -84.87378124147654,
            48.34230643697083,
            439.9404296875
          ],
          [
            -84.87380236387253,
            48.34230459295213,
            439.459716796875
          ],
          [
            -84.87370781600475,
            48.34238464012742,
            438.9791259765625
          ],
          [
            -84.87357337027788,
            48.34250198677182,
            438.9791259765625
          ],
          [
            -84.87347798421979,
            48.34259460680187,
            438.9791259765625
          ],
          [
            -84.87344680353999,
            48.34268479607999,
            438.9791259765625
          ],
          [
            -84.87363489344716,
            48.34279736503959,
            438.9791259765625
          ],
          [
            -84.87378694117069,
            48.342845644801855,
            438.9791259765625
          ],
          [
            -84.87394125200808,
            48.34296508692205,
            438.9791259765625
          ],
          [
            -84.87406454980373,
            48.34300012327731,
            438.9791259765625
          ],
          [
            -84.87423503771424,
            48.34303591400385,
            438.9791259765625
          ],
          [
            -84.87424249760807,
            48.34292208775878,
            438.49853515625
          ],
          [
            -84.87420913763344,
            48.34271882660687,
            438.9791259765625
          ],
          [
            -84.87420494668186,
            48.342479607090354,
            438.9791259765625
          ],
          [
            -84.8741302639246,
            48.34226779639721,
            438.49853515625
          ],
          [
            -84.87392851151526,
            48.342128321528435,
            438.49853515625
          ],
          [
            -84.87369985319674,
            48.34194551222026,
            438.017822265625
          ],
          [
            -84.87348577938974,
            48.341815592721105,
            438.017822265625
          ],
          [
            -84.87331646494567,
            48.341639153659344,
            438.017822265625
          ],
          [
            -84.87335451878607,
            48.34148207679391,
            437.537109375
          ],
          [
            -84.8735379986465,
            48.34139666520059,
            437.537109375
          ],
          [
            -84.87347521819174,
            48.34122751839459,
            437.537109375
          ],
          [
            -84.873285619542,
            48.341151075437665,
            437.537109375
          ],
          [
            -84.87329810857773,
            48.34106381982565,
            437.537109375
          ],
          [
            -84.87369717098773,
            48.340981509536505,
            437.537109375
          ],
          [
            -84.87386422231793,
            48.341038171201944,
            437.537109375
          ],
          [
            -84.87381309270859,
            48.34110153838992,
            437.537109375
          ],
          [
            -84.87370010465384,
            48.34116540849209,
            437.537109375
          ],
          [
            -84.87366154789925,
            48.34119826555252,
            437.0565185546875
          ],
          [
            -84.87400587648153,
            48.34112777374685,
            437.0565185546875
          ],
          [
            -84.87411215901375,
            48.3411939907819,
            437.0565185546875
          ],
          [
            -84.87379180267453,
            48.3413099963218,
            437.537109375
          ],
          [
            -84.87364059314132,
            48.341424660757184,
            437.0565185546875
          ],
          [
            -84.87353213131428,
            48.34147562272847,
            437.0565185546875
          ],
          [
            -84.87342626787722,
            48.341540498659015,
            437.0565185546875
          ],
          [
            -84.87338352017105,
            48.341548377647996,
            437.537109375
          ],
          [
            -84.8734431155026,
            48.341485764831305,
            437.537109375
          ],
          [
            -84.87353825010359,
            48.34143731743097,
            437.537109375
          ],
          [
            -84.87378383986652,
            48.3413443621248,
            437.537109375
          ],
          [
            -84.87384234555066,
            48.34131292998791,
            437.537109375
          ],
          [
            -84.87379733473063,
            48.34127588197589,
            437.537109375
          ],
          [
            -84.87395390868187,
            48.34122642874718,
            437.537109375
          ],
          [
            -84.87404091283679,
            48.34136146120727,
            437.537109375
          ],
          [
            -84.87366070970893,
            48.34156463854015,
            438.017822265625
          ],
          [
            -84.87342266365886,
            48.3416448533535,
            438.49853515625
          ],
          [
            -84.87355534918606,
            48.34144511260092,
            438.49853515625
          ],
          [
            -84.87378132529557,
            48.34129055030644,
            438.49853515625
          ],
          [
            -84.87402540631592,
            48.3411820884794,
            438.49853515625
          ],
          [
            -84.87405432388186,
            48.34113414399326,
            438.49853515625
          ],
          [
            -84.87417913042009,
            48.341151578351855,
            438.9791259765625
          ],
          [
            -84.87439504824579,
            48.340988801792264,
            438.49853515625
          ],
          [
            -84.87468522973359,
            48.34087179042399,
            438.49853515625
          ],
          [
            -84.87503802403808,
            48.340741116553545,
            438.49853515625
          ],
          [
            -84.87538050860167,
            48.34056291729212,
            438.49853515625
          ],
          [
            -84.87577420659363,
            48.3404291421175,
            438.9791259765625
          ],
          [
            -84.87611115910113,
            48.340343814343214,
            438.9791259765625
          ],
          [
            -84.87658741883934,
            48.34037105552852,
            438.9791259765625
          ],
          [
            -84.87662396393716,
            48.340430315583944,
            438.9791259765625
          ],
          [
            -84.87644970417023,
            48.340461077168584,
            438.9791259765625
          ],
          [
            -84.87651198171079,
            48.34034557454288,
            439.459716796875
          ],
          [
            -84.87666612491012,
            48.34015362896025,
            439.459716796875
          ],
          [
            -84.87682705745101,
            48.340011052787304,
            439.459716796875
          ],
          [
            -84.87701774574816,
            48.33982380107045,
            439.459716796875
          ],
          [
            -84.87711514346302,
            48.33962154574692,
            439.9404296875
          ],
          [
            -84.87726291641593,
            48.339449213817716,
            439.9404296875
          ],
          [
            -84.87739132717252,
            48.33926875144243,
            439.459716796875
          ],
          [
            -84.87743575125933,
            48.33898041397333,
            439.9404296875
          ],
          [
            -84.8776600509882,
            48.338823756203055,
            439.459716796875
          ],
          [
            -84.87795308232307,
            48.33871487528086,
            439.9404296875
          ],
          [
            -84.87826874479651,
            48.33857045508921,
            439.459716796875
          ],
          [
            -84.87862749025226,
            48.33845319226384,
            439.459716796875
          ],
          [
            -84.87883636727929,
            48.3382480032742,
            439.459716796875
          ],
          [
            -84.87898983992636,
            48.338019428774714,
            439.459716796875
          ],
          [
            -84.87902973778546,
            48.33780602551997,
            439.459716796875
          ],
          [
            -84.87904608249664,
            48.33759295754135,
            439.459716796875
          ],
          [
            -84.87901280634105,
            48.337377877905965,
            439.459716796875
          ],
          [
            -84.87900861538947,
            48.33713421598077,
            439.459716796875
          ],
          [
            -84.87892102450132,
            48.33692609332502,
            439.459716796875
          ],
          [
            -84.8789619281888,
            48.33667212165892,
            439.459716796875
          ],
          [
            -84.87901783548295,
            48.33639652468264,
            439.459716796875
          ],
          [
            -84.87894684076309,
            48.33604356274009,
            439.459716796875
          ],
          [
            -84.87888137809932,
            48.335842145606875,
            439.459716796875
          ],
          [
            -84.8787843156606,
            48.33573007956147,
            439.459716796875
          ],
          [
            -84.87862329930067,
            48.33566847257316,
            439.459716796875
          ],
          [
            -84.87834686413407,
            48.33560745231807,
            439.459716796875
          ],
          [
            -84.8779790662229,
            48.335634442046285,
            439.9404296875
          ],
          [
            -84.87769215367734,
            48.335550874471664,
            439.9404296875
          ],
          [
            -84.87752753309906,
            48.335424894466996,
            440.4212646484375
          ],
          [
            -84.87760012038052,
            48.3352605253458,
            439.9404296875
          ],
          [
            -84.87779927439988,
            48.33511635661125,
            440.4212646484375
          ]
        ]
      },
      "properties": {
        "feature_type": "track",
        "name": "Ruthelda Lake",
        "desc": "",
        "segment": 0,
        "point_count": 286
      }
    },
    {
      "type": "Feature",
      "geometry": {
        "type": "LineString",
        "coordinates": [
          [
            -84.8777879588306,
            48.3326478023082,
            443.3050537109375
          ],
          [
            -84.87785962410271,
            48.332829270511866,
            444.2664794921875
          ],
          [
            -84.87789742648602,
            48.332964051514864,
            443.7857666015625
          ],
          [
            -84.87795174121857,
            48.33323604427278,
            443.3050537109375
          ],
          [
            -84.87804545089602,
            48.3334855735302,
            443.7857666015625
          ],
          [
            -84.87815315835178,
            48.333734683692455,
            443.7857666015625
          ],
          [
            -84.87819909118116,
            48.33395085297525,
            443.7857666015625
          ],
          [
            -84.8782232310623,
            48.33413743413985,
            443.3050537109375
          ],
          [
            -84.8782227281481,
            48.33434656262398,
            443.3050537109375
          ],
          [
            -84.87812826409936,
            48.3346494846046,
            443.3050537109375
          ],
          [
            -84.87785819917917,
            48.334901444613934,
            443.7857666015625
          ],
          [
            -84.87788560800254,
            48.33492508158088,
            443.3050537109375
          ],
          [
            -84.87787663936615,
            48.334921561181545,
            442.824462890625
          ],
          [
            -84.87774152308702,
            48.33501501940191,
            442.824462890625
          ],
          [
            -84.87761847674847,
            48.33513387478888,
            442.3438720703125
          ],
          [
            -84.87757740542293,
            48.33531023003161,
            442.824462890625
          ],
          [
            -84.87759014591575,
            48.33540150895715,
            442.824462890625
          ],
          [
            -84.87764982506633,
            48.33539430052042,
            442.824462890625
          ],
          [
            -84.87764177843928,
            48.33549438044429,
            442.824462890625
          ],
          [
            -84.87765686586499,
            48.33558549173176,
            441.8631591796875
          ],
          [
            -84.87757933326066,
            48.33557643927634,
            441.8631591796875
          ],
          [
            -84.87753482535481,
            48.335622791200876,
            441.8631591796875
          ],
          [
            -84.87751822918653,
            48.33566511981189,
            441.3824462890625
          ],
          [
            -84.87742745317519,
            48.3357425685972,
            441.3824462890625
          ],
          [
            -84.87732871435583,
            48.33583225496113,
            440.90185546875
          ],
          [
            -84.87765166908503,
            48.336008694022894,
            440.90185546875
          ],
          [
            -84.87787035293877,
            48.33592973649502,
            440.90185546875
          ],
          [
            -84.87797738984227,
            48.33600743673742,
            440.90185546875
          ],
          [
            -84.87847460433841,
            48.33595219999552,
            440.90185546875
          ],
          [
            -84.87851073034108,
            48.33597826771438,
            441.3824462890625
          ],
          [
            -84.87839070148766,
            48.336196616292,
            440.90185546875
          ],
          [
            -84.8783762846142,
            48.33636282943189,
            441.3824462890625
          ],
          [
            -84.87872840836644,
            48.33642778918147,
            440.90185546875
          ],
          [
            -84.87886293791234,
            48.33662426099181,
            440.4212646484375
          ],
          [
            -84.87883728928864,
            48.336830623447895,
            440.90185546875
          ],
          [
            -84.87866411916912,
            48.33713832311332,
            440.90185546875
          ],
          [
            -84.87851416692138,
            48.337424313649535,
            441.3824462890625
          ],
          [
            -84.87858206033707,
            48.337614834308624,
            440.90185546875
          ],
          [
            -84.87864618189633,
            48.33774106577039,
            441.3824462890625
          ],
          [
            -84.87868138588965,
            48.337912978604436,
            440.90185546875
          ],
          [
            -84.87868314608932,
            48.338107857853174,
            440.90185546875
          ],
          [
            -84.87858155742288,
            48.338278848677874,
            440.4212646484375
          ],
          [
            -84.87810387276113,
            48.33859828300774,
            439.9404296875
          ],
          [
            -84.87770422361791,
            48.338708002120256,
            440.4212646484375
          ],
          [
            -84.87766633741558,
            48.338773380964994,
            439.459716796875
          ],
          [
            -84.87771076150239,
            48.33868679590523,
            438.9791259765625
          ],
          [
            -84.87773238681257,
            48.33869216032326,
            440.4212646484375
          ],
          [
            -84.8777597118169,
            48.3387887198478,
            439.9404296875
          ],
          [
            -84.87736190669239,
            48.33897882141173,
            439.459716796875
          ],
          [
            -84.87702596001327,
            48.33905325271189,
            438.9791259765625
          ],
          [
            -84.87672102637589,
            48.33923840895295,
            438.9791259765625
          ],
          [
            -84.87650016322732,
            48.33943395875394,
            438.9791259765625
          ],
          [
            -84.87639832310379,
            48.33961760625243,
            438.9791259765625
          ],
          [
            -84.8761869315058,
            48.33988138474524,
            438.49853515625
          ],
          [
            -84.87598719075322,
            48.34010861814022,
            438.49853515625
          ],
          [
            -84.87587889656425,
            48.34035957232118,
            438.017822265625
          ],
          [
            -84.87607042305171,
            48.34057917818427,
            438.017822265625
          ],
          [
            -84.87624837085605,
            48.340747905895114,
            437.537109375
          ],
          [
            -84.87657107412815,
            48.340853517875075,
            437.537109375
          ],
          [
            -84.87699721008539,
            48.340890649706125,
            437.0565185546875
          ],
          [
            -84.8773712106049,
            48.34098511375487,
            438.017822265625
          ],
          [
            -84.87762694247067,
            48.341104220598936,
            437.537109375
          ],
          [
            -84.87771830521524,
            48.34131536073983,
            437.537109375
          ],
          [
            -84.8778276052326,
            48.341504875570536,
            437.537109375
          ],
          [
            -84.87800119444728,
            48.341633370146155,
            437.0565185546875
          ],
          [
            -84.87819791771472,
            48.34182657301426,
            437.537109375
          ],
          [
            -84.87834678031504,
            48.341979291290045,
            437.537109375
          ],
          [
            -84.87869068980217,
            48.34196738898754,
            437.537109375
          ],
          [
            -84.87904398702085,
            48.34206788800657,
            437.537109375
          ],
          [
            -84.87917675636709,
            48.341986583545804,
            437.0565185546875
          ],
          [
            -84.87946023233235,
            48.34183780476451,
            436.575927734375
          ],
          [
            -84.8795335739851,
            48.34190142340958,
            437.0565185546875
          ],
          [
            -84.87977438606322,
            48.34213653579354,
            436.575927734375
          ],
          [
            -84.87977773882449,
            48.342261174693704,
            436.575927734375
          ],
          [
            -84.87998091615736,
            48.342441553249955,
            436.575927734375
          ],
          [
            -84.88002416677773,
            48.34261380136013,
            436.09521484375
          ],
          [
            -84.88006708212197,
            48.34272536449134,
            435.614501953125
          ],
          [
            -84.88021611236036,
            48.342919405549765,
            435.614501953125
          ],
          [
            -84.88022566772997,
            48.34305292926729,
            435.614501953125
          ],
          [
            -84.88030672073364,
            48.34331947378814,
            435.1339111328125
          ],
          [
            -84.88041082397103,
            48.34353983402252,
            435.1339111328125
          ],
          [
            -84.88061618059874,
            48.343661623075604,
            435.1339111328125
          ],
          [
            -84.88088582642376,
            48.34372943267226,
            435.1339111328125
          ],
          [
            -84.88106838427484,
            48.3437932189554,
            434.6533203125
          ],
          [
            -84.88126309588552,
            48.34385340102017,
            435.1339111328125
          ],
          [
            -84.88124121911824,
            48.34385625086725,
            435.1339111328125
          ],
          [
            -84.88111632876098,
            48.343789530918,
            435.1339111328125
          ],
          [
            -84.88091466017067,
            48.343801433220506,
            435.614501953125
          ],
          [
            -84.88084106706083,
            48.343829764053226,
            435.1339111328125
          ],
          [
            -84.88056991249323,
            48.34400109015405,
            435.1339111328125
          ],
          [
            -84.88040110096335,
            48.34418775513768,
            435.1339111328125
          ],
          [
            -84.88034284673631,
            48.34435103461146,
            435.1339111328125
          ],
          [
            -84.88039322197437,
            48.34443300962448,
            435.1339111328125
          ],
          [
            -84.88046354614198,
            48.344614477828145,
            435.1339111328125
          ],
          [
            -84.8805677331984,
            48.34473182447255,
            435.1339111328125
          ],
          [
            -84.88060151226819,
            48.344774739816785,
            435.1339111328125
          ],
          [
            -84.88078675232828,
            48.34482628852129,
            434.6533203125
          ],
          [
            -84.88088113255799,
            48.344916393980384,
            435.1339111328125
          ],
          [
            -84.88069706596434,
            48.34507053717971,
            435.1339111328125
          ],
          [
            -84.88060997799039,
            48.345183776691556,
            435.1339111328125
          ],
          [
            -84.88068256527185,
            48.34532383829355,
            435.1339111328125
          ],
          [
            -84.88071433268487,
            48.345455937087536,
            435.1339111328125
          ],
          [
            -84.88077602349222,
            48.34559834562242,
            435.1339111328125
          ],
          [
            -84.88086721859872,
            48.34579632617533,
            435.1339111328125
          ],
          [
            -84.88109344616532,
            48.3460240624845,
            435.1339111328125
          ],
          [
            -84.88155998289585,
            48.34618608467281,
            435.614501953125
          ],
          [
            -84.88181588239968,
            48.34636847488582,
            435.614501953125
          ],
          [
            -84.88214939832687,
            48.346627643331885,
            435.1339111328125
          ],
          [
            -84.88282330334187,
            48.346794443205,
            435.1339111328125
          ],
          [
            -84.88343761302531,
            48.34680181927979,
            435.1339111328125
          ],
          [
            -84.88387607038021,
            48.346841633319855,
            435.614501953125
          ],
          [
            -84.88388202153146,
            48.34692201577127,
            435.1339111328125
          ],
          [
            -84.88385654054582,
            48.34705629386008,
            434.6533203125
          ],
          [
            -84.88337324000895,
            48.34709736518562,
            435.1339111328125
          ],
          [
            -84.88298742100596,
            48.34718051366508,
            434.6533203125
          ],
          [
            -84.88288474269211,
            48.347205659374595,
            435.1339111328125
          ],
          [
            -84.8827993310988,
            48.34732334129512,
            435.1339111328125
          ],
          [
            -84.88282120786607,
            48.34743892773986,
            435.1339111328125
          ],
          [
            -84.88278985954821,
            48.347518891096115,
            435.1339111328125
          ],
          [
            -84.88273822702467,
            48.34758812561631,
            435.1339111328125
          ],
          [
            -84.88273738883436,
            48.34764026105404,
            435.614501953125
          ],
          [
            -84.88270486705005,
            48.34766808897257,
            436.09521484375
          ],
          [
            -84.8826127499342,
            48.34777898155153,
            436.09521484375
          ],
          [
            -84.88268550485373,
            48.34789297543466,
            435.614501953125
          ],
          [
            -84.88268558867276,
            48.348024655133486,
            435.614501953125
          ],
          [
            -84.88263756036758,
            48.34808651357889,
            435.614501953125
          ],
          [
            -84.88258626312017,
            48.34815147332847,
            436.09521484375
          ],
          [
            -84.88269246183336,
            48.34817921742797,
            436.575927734375
          ],
          [
            -84.88278131000698,
            48.34831131622195,
            435.614501953125
          ],
          [
            -84.88284392282367,
            48.34847685880959,
            435.1339111328125
          ],
          [
            -84.88291190005839,
            48.34871909581125,
            435.614501953125
          ],
          [
            -84.88277284428477,
            48.34890098311007,
            435.1339111328125
          ],
          [
            -84.88269883207977,
            48.349057137966156,
            435.1339111328125
          ],
          [
            -84.88264820538461,
            48.34920817986131,
            435.1339111328125
          ],
          [
            -84.88262498751283,
            48.34925654344261,
            435.614501953125
          ],
          [
            -84.88263789564371,
            48.349226620048285,
            435.1339111328125
          ],
          [
            -84.882617527619,
            48.34921907633543,
            435.1339111328125
          ],
          [
            -84.88260730169713,
            48.34921865724027,
            434.6533203125
          ],
          [
            -84.88267729058862,
            48.34923190064728,
            434.6533203125
          ],
          [
            -84.8827108182013,
            48.34929862059653,
            435.1339111328125
          ],
          [
            -84.88285096362233,
            48.349381601437926,
            434.6533203125
          ],
          [
            -84.883220102638,
            48.34947598166764,
            434.6533203125
          ],
          [
            -84.8834830429405,
            48.34957865998149,
            434.172607421875
          ],
          [
            -84.8837885633111,
            48.34942376241088,
            434.6533203125
          ],
          [
            -84.88391269929707,
            48.34929233416915,
            435.1339111328125
          ],
          [
            -84.88400783389807,
            48.34927087649703,
            434.6533203125
          ],
          [
            -84.88422375172377,
            48.349239863455296,
            434.6533203125
          ],
          [
            -84.88434042781591,
            48.34918714128435,
            435.1339111328125
          ],
          [
            -84.8846451099962,
            48.349248161539435,
            434.172607421875
          ],
          [
            -84.88496663980186,
            48.34949081763625,
            434.172607421875
          ],
          [
            -84.8851393070072,
            48.349687959998846,
            433.69189453125
          ],
          [
            -84.88529219292104,
            48.349869176745415,
            433.69189453125
          ],
          [
            -84.88555211573839,
            48.35012951865792,
            433.69189453125
          ],
          [
            -84.88600356504321,
            48.350299168378115,
            433.69189453125
          ],
          [
            -84.88652332685888,
            48.3502378128469,
            434.172607421875
          ],
          [
            -84.88685642369092,
            48.35028424859047,
            434.172607421875
          ],
          [
            -84.88724852912128,
            48.3505052793771,
            433.69189453125
          ],
          [
            -84.88725917413831,
            48.35060108453035,
            433.69189453125
          ],
          [
            -84.88723780028522,
            48.35051114670932,
            434.172607421875
          ],
          [
            -84.88711584359407,
            48.350405283272266,
            434.172607421875
          ],
          [
            -84.88731944002211,
            48.35070434957743,
            434.172607421875
          ],
          [
            -84.8877295665443,
            48.35088204592466,
            434.172607421875
          ],
          [
            -84.88846683874726,
            48.35112386383116,
            434.6533203125
          ],
          [
            -84.88844227977097,
            48.35137791931629,
            434.6533203125
          ],
          [
            -84.88818570971489,
            48.3516192343086,
            434.172607421875
          ],
          [
            -84.88772210665047,
            48.35176918655634,
            435.614501953125
          ],
          [
            -84.88737308420241,
            48.35193078964949,
            435.614501953125
          ],
          [
            -84.88706999458373,
            48.3518539275974,
            435.1339111328125
          ],
          [
            -84.8867810703814,
            48.351757703348994,
            435.1339111328125
          ],
          [
            -84.88645954057574,
            48.3516142051667,
            435.1339111328125
          ],
          [
            -84.88585285842419,
            48.35163130424917,
            435.614501953125
          ],
          [
            -84.88574062474072,
            48.351733731105924,
            435.1339111328125
          ],
          [
            -84.88571581430733,
            48.35179039277136,
            435.614501953125
          ],
          [
            -84.88561833277345,
            48.35172618739307,
            435.1339111328125
          ],
          [
            -84.88553870469332,
            48.35172568447888,
            435.1339111328125
          ],
          [
            -84.88545052707195,
            48.35169643163681,
            435.1339111328125
          ],
          [
            -84.88535958342254,
            48.35160213522613,
            435.1339111328125
          ],
          [
            -84.88528339192271,
            48.351609176024795,
            435.1339111328125
          ],
          [
            -84.88539042882621,
            48.351640524342656,
            435.1339111328125
          ],
          [
            -84.88555203191936,
            48.35167254321277,
            435.1339111328125
          ],
          [
            -84.88576258532703,
            48.351584281772375,
            435.1339111328125
          ],
          [
            -84.88583114929497,
            48.35154974833131,
            434.6533203125
          ],
          [
            -84.88588236272335,
            48.35151613689959,
            435.1339111328125
          ],
          [
            -84.88596224226058,
            48.35155921988189,
            435.1339111328125
          ],
          [
            -84.8859163094312,
            48.35161278024316,
            435.1339111328125
          ],
          [
            -84.88587699830532,
            48.35166650824249,
            434.6533203125
          ],
          [
            -84.88580231554806,
            48.35173691622913,
            434.6533203125
          ],
          [
            -84.88561598584056,
            48.35185091011226,
            434.172607421875
          ],
          [
            -84.88521189428866,
            48.35175912827253,
            435.1339111328125
          ],
          [
            -84.88490930758417,
            48.351557878777385,
            434.172607421875
          ],
          [
            -84.88426582887769,
            48.35146190598607,
            434.6533203125
          ],
          [
            -84.88407857716084,
            48.35117172449827,
            434.172607421875
          ],
          [
            -84.88368454389274,
            48.35081867873669,
            434.172607421875
          ],
          [
            -84.88355479203165,
            48.35048072040081,
            434.172607421875
          ],
          [
            -84.88362276926637,
            48.35026019252837,
            434.172607421875
          ],
          [
            -84.8835314065218,
            48.349910750985146,
            434.172607421875
          ],
          [
            -84.88351296633482,
            48.34987345151603,
            433.69189453125
          ],
          [
            -84.88351631909609,
            48.34961193613708,
            434.6533203125
          ],
          [
            -84.88356585614383,
            48.349555945023894,
            434.172607421875
          ],
          [
            -84.88331096246839,
            48.349404064938426,
            433.2113037109375
          ],
          [
            -84.88329000771046,
            48.34936374798417,
            433.69189453125
          ],
          [
            -84.88318447954953,
            48.349066358059645,
            433.2113037109375
          ],
          [
            -84.88317182287574,
            48.34881925955415,
            433.69189453125
          ],
          [
            -84.88277074880898,
            48.34854919463396,
            433.69189453125
          ],
          [
            -84.88242700695992,
            48.34823302924633,
            433.2113037109375
          ],
          [
            -84.88256908021867,
            48.34798911586404,
            434.172607421875
          ],
          [
            -84.88257268443704,
            48.34775861352682,
            433.69189453125
          ],
          [
            -84.88225978799164,
            48.3474385086447,
            433.2113037109375
          ],
          [
            -84.88183717243373,
            48.34730817005038,
            433.69189453125
          ],
          [
            -84.88181378692389,
            48.347362987697124,
            433.2113037109375
          ],
          [
            -84.88182074390352,
            48.347320994362235,
            432.730712890625
          ],
          [
            -84.881951501593,
            48.34734429605305,
            432.730712890625
          ],
          [
            -84.88203573971987,
            48.34730917587876,
            433.2113037109375
          ],
          [
            -84.88205334171653,
            48.34727036766708,
            432.730712890625
          ],
          [
            -84.88208980299532,
            48.347190991044044,
            433.2113037109375
          ],
          [
            -84.88208276219666,
            48.347150925546885,
            432.730712890625
          ],
          [
            -84.88192082382739,
            48.34704162552953,
            432.730712890625
          ],
          [
            -84.88143534399569,
            48.34669595584273,
            432.25
          ],
          [
            -84.88107710145414,
            48.3461657166481,
            432.25
          ],
          [
            -84.88085322082043,
            48.34590629674494,
            432.730712890625
          ],
          [
            -84.88072640262544,
            48.34570395760238,
            431.7691650390625
          ],
          [
            -84.88063830882311,
            48.34547555074096,
            431.7691650390625
          ],
          [
            -84.88061861135066,
            48.345324005931616,
            432.25
          ],
          [
            -84.88061374984682,
            48.34514228627086,
            431.28857421875
          ],
          [
            -84.88083746284246,
            48.344907676801085,
            431.7691650390625
          ],
          [
            -84.88064618781209,
            48.3447948563844,
            431.7691650390625
          ],
          [
            -84.88044778816402,
            48.34461824968457,
            431.28857421875
          ],
          [
            -84.88025626167655,
            48.344340808689594,
            431.7691650390625
          ],
          [
            -84.88019934855402,
            48.34411717951298,
            431.28857421875
          ],
          [
            -84.87990455701947,
            48.34380704909563,
            431.7691650390625
          ],
          [
            -84.87970355898142,
            48.343491135165095,
            430.8079833984375
          ],
          [
            -84.87937959842384,
            48.34319097921252,
            431.28857421875
          ],
          [
            -84.87919460982084,
            48.342697536572814,
            431.28857421875
          ],
          [
            -84.87889177165926,
            48.34239629097283,
            431.28857421875
          ],
          [
            -84.87847728654742,
            48.342117089778185,
            431.28857421875
          ],
          [
            -84.87829028628767,
            48.34199236705899,
            431.28857421875
          ],
          [
            -84.87813765183091,
            48.341837134212255,
            431.28857421875
          ],
          [
            -84.87775560468435,
            48.34147268906236,
            431.28857421875
          ],
          [
            -84.8776584584266,
            48.34129985421896,
            430.8079833984375
          ],
          [
            -84.8773386888206,
            48.34092753008008,
            431.28857421875
          ],
          [
            -84.87733039073646,
            48.340888638049364,
            430.8079833984375
          ],
          [
            -84.87733692862093,
            48.34089593030512,
            430.3272705078125
          ],
          [
            -84.87728328444064,
            48.340909173712134,
            430.3272705078125
          ],
          [
            -84.87725168466568,
            48.340865168720484,
            430.8079833984375
          ],
          [
            -84.87715269438922,
            48.34084739908576,
            429.8465576171875
          ],
          [
            -84.87713241018355,
            48.34087925031781,
            430.8079833984375
          ],
          [
            -84.87711195833981,
            48.340931218117476,
            429.8465576171875
          ],
          [
            -84.87710089422762,
            48.34093876183033,
            431.28857421875
          ],
          [
            -84.87700785510242,
            48.34094521589577,
            429.8465576171875
          ],
          [
            -84.87692235969007,
            48.34093532525003,
            428.8853759765625
          ],
          [
            -84.87686553038657,
            48.340892074629664,
            429.365966796875
          ],
          [
            -84.87680409103632,
            48.3407349139452,
            430.8079833984375
          ],
          [
            -84.87678682431579,
            48.340686885640025,
            430.3272705078125
          ],
          [
            -84.8767651990056,
            48.340651681646705,
            429.8465576171875
          ],
          [
            -84.87680492922664,
            48.34062670357525,
            429.365966796875
          ],
          [
            -84.87680333666503,
            48.340597953647375,
            429.365966796875
          ],
          [
            -84.876858741045,
            48.34058789536357,
            431.28857421875
          ],
          [
            -84.87684885039926,
            48.34059082902968,
            429.8465576171875
          ],
          [
            -84.876864021644,
            48.34054263308644,
            430.3272705078125
          ],
          [
            -84.876864021644,
            48.34053743630648,
            429.365966796875
          ],
          [
            -84.87692445516586,
            48.34051773883402,
            432.730712890625
          ],
          [
            -84.87692009657621,
            48.3405208401382,
            433.69189453125
          ],
          [
            -84.87689570523798,
            48.34052964113653,
            430.3272705078125
          ],
          [
            -84.87686863169074,
            48.34059979766607,
            429.365966796875
          ],
          [
            -84.87681984901428,
            48.34063005633652,
            429.365966796875
          ],
          [
            -84.87660300917923,
            48.340659057721496,
            429.8465576171875
          ],
          [
            -84.87609246745706,
            48.34053358063102,
            429.8465576171875
          ],
          [
            -84.87564604729414,
            48.34044900722802,
            429.8465576171875
          ],
          [
            -84.87526886165142,
            48.340198807418346,
            429.365966796875
          ],
          [
            -84.87517557106912,
            48.3400646969676,
            429.8465576171875
          ],
          [
            -84.87517900764942,
            48.34005832672119,
            429.8465576171875
          ],
          [
            -84.87520574592054,
            48.34006058983505,
            429.8465576171875
          ],
          [
            -84.87516073510051,
            48.34014910273254,
            430.3272705078125
          ],
          [
            -84.87517431378365,
            48.340272987261415,
            430.3272705078125
          ],
          [
            -84.87515168264508,
            48.3404222689569,
            429.8465576171875
          ],
          [
            -84.87500164657831,
            48.34082258865237,
            429.8465576171875
          ],
          [
            -84.87443704158068,
            48.341038255020976,
            429.8465576171875
          ],
          [
            -84.87418457865715,
            48.34139524027705,
            429.365966796875
          ],
          [
            -84.87429345957935,
            48.34179086610675,
            429.365966796875
          ],
          [
            -84.8741648811847,
            48.34193360991776,
            429.365966796875
          ],
          [
            -84.87417426891625,
            48.341960683465004,
            429.365966796875
          ],
          [
            -84.87412984482944,
            48.34202455356717,
            429.365966796875
          ],
          [
            -84.87400453537703,
            48.342073168605566,
            428.8853759765625
          ],
          [
            -84.87393571995199,
            48.34214173257351,
            428.8853759765625
          ],
          [
            -84.87402892671525,
            48.342167884111404,
            429.8465576171875
          ],
          [
            -84.87410981208086,
            48.34214139729738,
            429.365966796875
          ],
          [
            -84.87412984482944,
            48.34213628433645,
            429.365966796875
          ],
          [
            -84.87416077405214,
            48.34209253080189,
            429.365966796875
          ],
          [
            -84.87419698387384,
            48.3420973084867,
            429.365966796875
          ],
          [
            -84.87424987368286,
            48.3420851547271,
            429.8465576171875
          ],
          [
            -84.87428792752326,
            48.3420698158443,
            429.365966796875
          ],
          [
            -84.87428097054362,
            48.342012483626604,
            429.8465576171875
          ],
          [
            -84.8743734229356,
            48.341987170279026,
            429.8465576171875
          ],
          [
            -84.87436730414629,
            48.34195615723729,
            430.3272705078125
          ],
          [
            -84.87432388588786,
            48.34198926575482,
            429.365966796875
          ],
          [
            -84.87418491393328,
            48.34208071231842,
            430.3272705078125
          ],
          [
            -84.87400637939572,
            48.34215606562793,
            429.8465576171875
          ],
          [
            -84.87397888675332,
            48.342218175530434,
            429.8465576171875
          ],
          [
            -84.87403479404747,
            48.34230098873377,
            429.8465576171875
          ],
          [
            -84.87412112765014,
            48.34240710362792,
            429.8465576171875
          ],
          [
            -84.87410386092961,
            48.3424480073154,
            429.365966796875
          ],
          [
            -84.87413470633328,
            48.34250039421022,
            428.4046630859375
          ],
          [
            -84.8740713391453,
            48.3425169903785,
            428.4046630859375
          ],
          [
            -84.87395172938704,
            48.342572478577495,
            428.8853759765625
          ],
          [
            -84.87382541410625,
            48.342602737247944,
            427.9239501953125
          ],
          [
            -84.87390152178705,
            48.34265906363726,
            428.4046630859375
          ],
          [
            -84.87399925477803,
            48.3426774200052,
            428.4046630859375
          ],
          [
            -84.87410813570023,
            48.34272561594844,
            428.4046630859375
          ],
          [
            -84.87414141185582,
            48.34269686602056,
            428.8853759765625
          ],
          [
            -84.87418935634196,
            48.34269694983959,
            428.4046630859375
          ],
          [
            -84.87418130971491,
            48.34274631924927,
            428.8853759765625
          ],
          [
            -84.87425037659705,
            48.342727376148105,
            429.365966796875
          ],
          [
            -84.87429907545447,
            48.34261463955045,
            429.365966796875
          ],
          [
            -84.87431994639337,
            48.342582285404205,
            428.8853759765625
          ],
          [
            -84.87425984814763,
            48.34256979636848,
            429.365966796875
          ],
          [
            -84.87415976822376,
            48.342580357566476,
            429.365966796875
          ],
          [
            -84.87412540242076,
            48.34242998622358,
            429.365966796875
          ],
          [
            -84.87415859475732,
            48.34236452355981,
            429.365966796875
          ],
          [
            -84.87420620396733,
            48.34233853965998,
            429.365966796875
          ],
          [
            -84.87422841601074,
            48.3422630187124,
            429.365966796875
          ],
          [
            -84.87409480847418,
            48.342204513028264,
            429.8465576171875
          ],
          [
            -84.87392884679139,
            48.34224633872509,
            430.3272705078125
          ],
          [
            -84.87390294671059,
            48.3423684630543,
            430.8079833984375
          ],
          [
            -84.87398643046618,
            48.34230903536081,
            430.3272705078125
          ],
          [
            -84.8740541562438,
            48.34216017276049,
            430.3272705078125
          ],
          [
            -84.87412909045815,
            48.34194249473512,
            430.3272705078125
          ],
          [
            -84.87426219508052,
            48.341648457571864,
            430.3272705078125
          ],
          [
            -84.87443025223911,
            48.34138618782163,
            430.3272705078125
          ],
          [
            -84.87474574707448,
            48.34108930081129,
            430.3272705078125
          ],
          [
            -84.87518445588648,
            48.3411128539592,
            430.3272705078125
          ],
          [
            -84.87567001953721,
            48.34105744957924,
            430.3272705078125
          ],
          [
            -84.8762575071305,
            48.3410544320941,
            429.8465576171875
          ],
          [
            -84.87664843909442,
            48.340889140963554,
            429.8465576171875
          ],
          [
            -84.87687533721328,
            48.34071094170213,
            429.8465576171875
          ],
          [
            -84.876813814044,
            48.34042956121266,
            430.3272705078125
          ],
          [
            -84.87704590894282,
            48.34019662812352,
            430.3272705078125
          ],
          [
            -84.8770310729742,
            48.33994332700968,
            430.3272705078125
          ],
          [
            -84.87711866386235,
            48.33972070366144,
            429.8465576171875
          ],
          [
            -84.87743868492544,
            48.33956220187247,
            430.3272705078125
          ],
          [
            -84.87760464660823,
            48.33936589770019,
            430.8079833984375
          ],
          [
            -84.87795936875045,
            48.339240588247776,
            429.8465576171875
          ],
          [
            -84.87848466262221,
            48.33896029740572,
            429.8465576171875
          ],
          [
            -84.87889939919114,
            48.33874102681875,
            429.8465576171875
          ],
          [
            -84.87913870252669,
            48.33851764909923,
            429.8465576171875
          ],
          [
            -84.87951069138944,
            48.33811338990927,
            430.3272705078125
          ],
          [
            -84.87965041771531,
            48.337839217856526,
            430.3272705078125
          ],
          [
            -84.87982844933867,
            48.337561106309295,
            430.3272705078125
          ],
          [
            -84.8797510843724,
            48.337427666410804,
            430.8079833984375
          ],
          [
            -84.87942486070096,
            48.33717059344053,
            430.8079833984375
          ],
          [
            -84.87963139079511,
            48.33707453683019,
            430.3272705078125
          ],
          [
            -84.87982459366322,
            48.33682341501117,
            430.3272705078125
          ],
          [
            -84.87991059198976,
            48.33661923184991,
            430.8079833984375
          ],
          [
            -84.87982635386288,
            48.33632041700184,
            430.3272705078125
          ],
          [
            -84.87986960448325,
            48.335982877761126,
            430.8079833984375
          ],
          [
            -84.87956282682717,
            48.33577785640955,
            430.8079833984375
          ],
          [
            -84.87892546691,
            48.335439059883356,
            430.8079833984375
          ],
          [
            -84.87854677252471,
            48.33541726693511,
            430.8079833984375
          ],
          [
            -84.87793983891606,
            48.33543713204563,
            431.28857421875
          ],
          [
            -84.87759919837117,
            48.33546353504062,
            431.28857421875
          ],
          [
            -84.8774629086256,
            48.33541131578386,
            430.8079833984375
          ],
          [
            -84.87740490585566,
            48.33536739461124,
            430.8079833984375
          ],
          [
            -84.87750867381692,
            48.335291454568505,
            430.3272705078125
          ],
          [
            -84.87762903794646,
            48.33523244597018,
            430.8079833984375
          ],
          [
            -84.87766767852008,
            48.33516865968704,
            430.3272705078125
          ],
          [
            -84.87780681811273,
            48.335044691339135,
            430.3272705078125
          ],
          [
            -84.87793682143092,
            48.33495198749006,
            430.3272705078125
          ],
          [
            -84.87794067710638,
            48.33494461141527,
            430.3272705078125
          ],
          [
            -84.877939671278,
            48.334936648607254,
            429.8465576171875
          ],
          [
            -84.87793154083192,
            48.334913179278374,
            429.8465576171875
          ],
          [
            -84.87794210202992,
            48.33491493947804,
            429.8465576171875
          ],
          [
            -84.8779777251184,
            48.334896080195904,
            429.8465576171875
          ],
          [
            -84.87800345756114,
            48.33484075963497,
            429.8465576171875
          ],
          [
            -84.87811652943492,
            48.334725173190236,
            429.8465576171875
          ],
          [
            -84.8782819043845,
            48.33453708328307,
            429.8465576171875
          ],
          [
            -84.87829581834376,
            48.33427347242832,
            429.8465576171875
          ],
          [
            -84.8782782163471,
            48.33397717215121,
            429.8465576171875
          ],
          [
            -84.8782420065254,
            48.33378145471215,
            429.365966796875
          ],
          [
            -84.87817796878517,
            48.33354919217527,
            429.8465576171875
          ],
          [
            -84.87806984223425,
            48.333258256316185,
            429.365966796875
          ],
          [
            -84.8780017811805,
            48.333112662658095,
            429.365966796875
          ],
          [
            -84.87791243009269,
            48.33282667212188,
            429.365966796875
          ],
          [
            -84.87784068100154,
            48.33269851282239,
            429.365966796875
          ],
          [
            -84.87781972624362,
            48.3326755464077,
            429.365966796875
          ],
          [
            -84.8778271023184,
            48.332662554457784,
            429.365966796875
          ],
          [
            -84.87781084142625,
            48.332630367949605,
            429.8465576171875
          ]
        ]
      },
      "properties": {
        "feature_type": "track",
        "name": "Ruthelda Lake 2",
        "desc": "",
        "segment": 0,
        "point_count": 385
      }
    },
    {
      "type": "Feature",
      "geometry": {
        "type": "LineString",
        "coordinates": [
          [
            -84.87654131837189,
            48.330747708678246,
            458.6861572265625
          ],
          [
            -84.8765947110951,
            48.33089439198375,
            455.80224609375
          ],
          [
            -84.87677115015686,
            48.33108424209058,
            453.879638671875
          ],
          [
            -84.87700257450342,
            48.33124500699341,
            454.3602294921875
          ],
          [
            -84.87700165249407,
            48.33124785684049,
            452.4376220703125
          ],
          [
            -84.87716694362462,
            48.33141113631427,
            453.879638671875
          ],
          [
            -84.87728412263095,
            48.33161221817136,
            453.39892578125
          ],
          [
            -84.87735880538821,
            48.331679021939635,
            452.4376220703125
          ],
          [
            -84.87734572961926,
            48.33174046128988,
            450.5150146484375
          ],
          [
            -84.8774354159832,
            48.33181120455265,
            449.072998046875
          ],
          [
            -84.8774993699044,
            48.33189225755632,
            449.072998046875
          ],
          [
            -84.8775064945221,
            48.331936094909906,
            449.072998046875
          ],
          [
            -84.87760028801858,
            48.33199426531792,
            448.11181640625
          ],
          [
            -84.87773230299354,
            48.33203877322376,
            448.11181640625
          ],
          [
            -84.87776876427233,
            48.332152431830764,
            447.6309814453125
          ],
          [
            -84.87784679979086,
            48.332229629158974,
            447.6309814453125
          ],
          [
            -84.87786230631173,
            48.33225041627884,
            447.6309814453125
          ],
          [
            -84.87791502848268,
            48.33238176070154,
            447.6309814453125
          ],
          [
            -84.87788049504161,
            48.332529282197356,
            446.1890869140625
          ],
          [
            -84.87783623859286,
            48.33260077983141,
            445.7083740234375
          ],
          [
            -84.87783900462091,
            48.33264914341271,
            443.3050537109375
          ],
          [
            -84.87783146090806,
            48.33265199325979,
            442.824462890625
          ]
        ]
      },
      "properties": {
        "feature_type": "track",
        "name": "Ruthelda Lake Portage",
        "desc": "",
        "segment": 0,
        "point_count": 22
      }
    },
    {
      "type": "Feature",
      "geometry": {
        "type": "LineString",
        "coordinates": [
          [
            -84.86062986776233,
            48.316759737208486,
            448.5924072265625
          ],
          [
            -84.86071972176433,
            48.316904827952385,
            448.11181640625
          ],
          [
            -84.86099791713059,
            48.316869121044874,
            450.034423828125
          ],
          [
            -84.86229694448411,
            48.31641557626426,
            452.4376220703125
          ],
          [
            -84.86263406462967,
            48.31631097011268,
            455.80224609375
          ],
          [
            -84.86274613067508,
            48.3162824716419,
            456.7635498046875
          ],
          [
            -84.86319556832314,
            48.31608281470835,
            459.1668701171875
          ],
          [
            -84.86386285163462,
            48.31572105176747,
            460.128173828125
          ],
          [
            -84.86403216607869,
            48.315647542476654,
            460.128173828125
          ],
          [
            -84.8648934904486,
            48.31553556025028,
            462.5313720703125
          ],
          [
            -84.86517529003322,
            48.315546875819564,
            463.0120849609375
          ],
          [
            -84.8653612844646,
            48.31553170457482,
            463.4927978515625
          ],
          [
            -84.86576747149229,
            48.31552516669035,
            463.973388671875
          ],
          [
            -84.86690799705684,
            48.31593328155577,
            465.8961181640625
          ],
          [
            -84.86780041828752,
            48.31658413633704,
            464.4541015625
          ],
          [
            -84.86848781816661,
            48.3171440474689,
            461.5701904296875
          ],
          [
            -84.86895829439163,
            48.317446717992425,
            463.4927978515625
          ],
          [
            -84.86955299042165,
            48.31782239489257,
            463.0120849609375
          ],
          [
            -84.86984853632748,
            48.31797519698739,
            461.0894775390625
          ],
          [
            -84.87054850906134,
            48.318356573581696,
            457.7249755859375
          ],
          [
            -84.87063383683562,
            48.318397561088204,
            457.7249755859375
          ],
          [
            -84.87161116674542,
            48.31877491436899,
            448.5924072265625
          ],
          [
            -84.8717059660703,
            48.318813471123576,
            456.7635498046875
          ],
          [
            -84.87180545926094,
            48.31884440034628,
            458.20556640625
          ],
          [
            -84.87276895903051,
            48.319010864943266,
            461.0894775390625
          ],
          [
            -84.87306978553534,
            48.31902519799769,
            460.128173828125
          ],
          [
            -84.87343691289425,
            48.31901849247515,
            460.128173828125
          ],
          [
            -84.87367085181177,
            48.31899753771722,
            460.6087646484375
          ],
          [
            -84.87432271242142,
            48.31897884607315,
            461.5701904296875
          ],
          [
            -84.87479117698967,
            48.31898898817599,
            461.0894775390625
          ],
          [
            -84.87518571317196,
            48.31899686716497,
            460.6087646484375
          ],
          [
            -84.87549827434123,
            48.31898722797632,
            460.6087646484375
          ],
          [
            -84.87624417990446,
            48.31905101425946,
            460.128173828125
          ],
          [
            -84.87721036188304,
            48.319458877667785,
            460.6087646484375
          ],
          [
            -84.87841811031103,
            48.31992239691317,
            460.6087646484375
          ],
          [
            -84.87905412912369,
            48.32014133222401,
            459.1668701171875
          ],
          [
            -84.87954195588827,
            48.320437548682094,
            458.6861572265625
          ],
          [
            -84.87949174828827,
            48.32074172794819,
            459.1668701171875
          ],
          [
            -84.87930265255272,
            48.321000477299094,
            459.6475830078125
          ],
          [
            -84.87904440611601,
            48.32124514505267,
            459.6475830078125
          ],
          [
            -84.87872111611068,
            48.32159299403429,
            460.6087646484375
          ],
          [
            -84.87830311059952,
            48.321894658729434,
            461.0894775390625
          ],
          [
            -84.87796154804528,
            48.32233663648367,
            464.4541015625
          ],
          [
            -84.87769584171474,
            48.322632014751434,
            467.338134765625
          ],
          [
            -84.87744715064764,
            48.32298204302788,
            468.29931640625
          ],
          [
            -84.87725302577019,
            48.32336576655507,
            467.338134765625
          ],
          [
            -84.87717021256685,
            48.32373306155205,
            466.376708984375
          ],
          [
            -84.87710667774081,
            48.32411284558475,
            465.8961181640625
          ],
          [
            -84.87707206048071,
            48.32419406622648,
            465.8961181640625
          ],
          [
            -84.8770159855485,
            48.324445858597755,
            465.41552734375
          ],
          [
            -84.87684826366603,
            48.32488641142845,
            463.4927978515625
          ],
          [
            -84.87671423703432,
            48.32514432258904,
            463.4927978515625
          ],
          [
            -84.87661331892014,
            48.325478341430426,
            463.973388671875
          ],
          [
            -84.87660493701696,
            48.32586223259568,
            466.376708984375
          ],
          [
            -84.87674726173282,
            48.32623112015426,
            465.8961181640625
          ],
          [
            -84.8767429869622,
            48.32657813094556,
            467.8187255859375
          ],
          [
            -84.87659831531346,
            48.32696068100631,
            468.780029296875
          ],
          [
            -84.87652497366071,
            48.32724097184837,
            467.338134765625
          ],
          [
            -84.8763098102063,
            48.32758890464902,
            466.857421875
          ],
          [
            -84.8761364724487,
            48.328048484399915,
            467.338134765625
          ],
          [
            -84.87597042694688,
            48.328371020033956,
            465.8961181640625
          ],
          [
            -84.87589021213353,
            48.32870746962726,
            464.934814453125
          ],
          [
            -84.87574906088412,
            48.32891643047333,
            462.5313720703125
          ],
          [
            -84.8755859490484,
            48.32920426502824,
            459.6475830078125
          ],
          [
            -84.87566700205207,
            48.329656133428216,
            460.128173828125
          ],
          [
            -84.87600169144571,
            48.329920917749405,
            461.5701904296875
          ],
          [
            -84.87637502141297,
            48.33023423328996,
            458.20556640625
          ],
          [
            -84.8765664640814,
            48.330639163032174,
            459.1668701171875
          ],
          [
            -84.87654131837189,
            48.330747708678246,
            458.6861572265625
          ]
        ]
      },
      "properties": {
        "feature_type": "track",
        "name": "Ruthelda Lake Truck Trail",
        "desc": "",
        "segment": 0,
        "point_count": 69
      }
    },
    {
      "type": "Feature",
      "geometry": {
        "type": "LineString",
        "coordinates": [
          [
            -84.65634981170297,
            48.00744571723044,
            321.6983642578125
          ],
          [
            -84.65633095242083,
            48.00742970779538,
            321.6983642578125
          ],
          [
            -84.65632307343185,
            48.00743314437568,
            322.65966796875
          ],
          [
            -84.65623271651566,
            48.007498774677515,
            321.6983642578125
          ],
          [
            -84.65632382780313,
            48.00747832283378,
            321.6983642578125
          ],
          [
            -84.6563863568008,
            48.00748972222209,
            321.2177734375
          ],
          [
            -84.65657209977508,
            48.007477819919586,
            321.6983642578125
          ],
          [
            -84.65669707395136,
            48.007468516007066,
            322.178955078125
          ],
          [
            -84.65678717941046,
            48.00746767781675,
            321.6983642578125
          ],
          [
            -84.65698583051562,
            48.007446052506566,
            321.6983642578125
          ],
          [
            -84.65727668255568,
            48.00749181769788,
            322.178955078125
          ],
          [
            -84.65739319100976,
            48.0074857827276,
            322.65966796875
          ],
          [
            -84.6575933508575,
            48.00750975497067,
            323.140380859375
          ],
          [
            -84.65765185654163,
            48.007516795769334,
            323.140380859375
          ],
          [
            -84.65771840885282,
            48.00751235336065,
            323.140380859375
          ],
          [
            -84.65788244269788,
            48.00752635113895,
            323.6209716796875
          ],
          [
            -84.65800398029387,
            48.00754169002175,
            323.6209716796875
          ],
          [
            -84.65821059420705,
            48.00760053098202,
            323.140380859375
          ],
          [
            -84.65835417620838,
            48.00761285237968,
            323.140380859375
          ],
          [
            -84.65841980651021,
            48.00771217793226,
            323.140380859375
          ],
          [
            -84.65842768549919,
            48.00779893063009,
            322.178955078125
          ],
          [
            -84.65848074294627,
            48.00786824896932,
            321.6983642578125
          ],
          [
            -84.65856246650219,
            48.00790512934327,
            322.178955078125
          ],
          [
            -84.6586502250284,
            48.00798903219402,
            322.178955078125
          ],
          [
            -84.65880847536027,
            48.00811031833291,
            322.178955078125
          ],
          [
            -84.65904409065843,
            48.00821928307414,
            322.178955078125
          ],
          [
            -84.6592784486711,
            48.00822992809117,
            321.6983642578125
          ],
          [
            -84.65942454524338,
            48.00828583538532,
            321.2177734375
          ],
          [
            -84.65964230708778,
            48.00843184813857,
            321.2177734375
          ],
          [
            -84.65976166538894,
            48.008560594171286,
            321.2177734375
          ],
          [
            -84.65977340005338,
            48.00857844762504,
            321.2177734375
          ],
          [
            -84.65998797677457,
            48.00859127193689,
            320.25634765625
          ],
          [
            -84.660166176036,
            48.008617758750916,
            319.2950439453125
          ],
          [
            -84.66035736724734,
            48.00866645760834,
            319.2950439453125
          ],
          [
            -84.66035082936287,
            48.00866696052253,
            319.775634765625
          ]
        ]
      },
      "properties": {
        "feature_type": "track",
        "name": "Shook Lake Portage",
        "desc": "",
        "segment": 0,
        "point_count": 35
      }
    },
    {
      "type": "Feature",
      "geometry": {
        "type": "LineString",
        "coordinates": [
          [
            -84.81119910255075,
            47.93280964717269,
            214.991943359375
          ],
          [
            -84.81174275279045,
            47.93258065357804,
            212.588623046875
          ],
          [
            -84.81206269003451,
            47.93259020894766,
            211.62744140625
          ],
          [
            -84.81322467327118,
            47.93262792751193,
            208.743408203125
          ],
          [
            -84.81485151685774,
            47.93280101381242,
            212.1080322265625
          ],
          [
            -84.81685797683895,
            47.93332136236131,
            209.704833984375
          ],
          [
            -84.81711043976247,
            47.93338975869119,
            209.22412109375
          ],
          [
            -84.81928545981646,
            47.93392703868449,
            208.743408203125
          ],
          [
            -84.82127867639065,
            47.93432299979031,
            205.8594970703125
          ],
          [
            -84.82191452756524,
            47.934468844905496,
            204.41748046875
          ],
          [
            -84.82257267460227,
            47.93458987958729,
            199.130126953125
          ],
          [
            -84.82295128516853,
            47.93465316295624,
            195.765625
          ],
          [
            -84.82305035926402,
            47.934666154906154,
            194.8043212890625
          ],
          [
            -84.82328270561993,
            47.9348346311599,
            193.3623046875
          ],
          [
            -84.82323191128671,
            47.935544243082404,
            196.7269287109375
          ],
          [
            -84.82321263290942,
            47.935933163389564,
            197.688232421875
          ],
          [
            -84.82321833260357,
            47.935987478122115,
            197.688232421875
          ],
          [
            -84.82318857684731,
            47.9364129435271,
            200.572265625
          ],
          [
            -84.82317466288805,
            47.93680848553777,
            203.9368896484375
          ],
          [
            -84.82318664900959,
            47.937268149107695,
            206.8206787109375
          ],
          [
            -84.82326493598521,
            47.938451673835516,
            206.340087890625
          ],
          [
            -84.82328186742961,
            47.938589975237846,
            205.8594970703125
          ],
          [
            -84.82375477440655,
            47.9388583637774,
            206.340087890625
          ],
          [
            -84.82521582394838,
            47.93892256915569,
            206.8206787109375
          ],
          [
            -84.82633438892663,
            47.938945200294256,
            205.8594970703125
          ],
          [
            -84.82683269307017,
            47.939112670719624,
            205.3787841796875
          ],
          [
            -84.82720845378935,
            47.93934065848589,
            203.9368896484375
          ],
          [
            -84.82798285782337,
            47.939473092556,
            199.61083984375
          ],
          [
            -84.828417962417,
            47.93956252746284,
            196.246337890625
          ],
          [
            -84.82838192023337,
            47.93957727961242,
            196.246337890625
          ],
          [
            -84.82885231263936,
            47.93922884389758,
            195.284912109375
          ],
          [
            -84.82899220660329,
            47.9392553307116,
            195.284912109375
          ],
          [
            -84.82902355492115,
            47.939183581620455,
            195.765625
          ],
          [
            -84.82901559211314,
            47.939178720116615,
            195.765625
          ],
          [
            -84.82912170700729,
            47.93914460577071,
            195.765625
          ],
          [
            -84.82931918464601,
            47.93916539289057,
            195.765625
          ],
          [
            -84.82945564202964,
            47.93918416835368,
            195.765625
          ],
          [
            -84.82959888875484,
            47.93921819888055,
            195.765625
          ],
          [
            -84.82949746772647,
            47.93921467848122,
            196.246337890625
          ],
          [
            -84.8294973000884,
            47.93925658799708,
            196.246337890625
          ],
          [
            -84.82960534282029,
            47.93918785639107,
            196.7269287109375
          ],
          [
            -84.82947659678757,
            47.93916832655668,
            196.246337890625
          ],
          [
            -84.82964750379324,
            47.93924242258072,
            196.246337890625
          ],
          [
            -84.82970089651644,
            47.93926170095801,
            196.246337890625
          ],
          [
            -84.82976099476218,
            47.9392709210515,
            196.246337890625
          ],
          [
            -84.82974490150809,
            47.939266143366694,
            196.246337890625
          ],
          [
            -84.82969989068806,
            47.93922540731728,
            195.765625
          ],
          [
            -84.82979133725166,
            47.939256839454174,
            195.765625
          ],
          [
            -84.83000759035349,
            47.93932506814599,
            196.7269287109375
          ],
          [
            -84.83022652566433,
            47.939375108107924,
            197.688232421875
          ],
          [
            -84.83025812543929,
            47.939380053430796,
            197.688232421875
          ],
          [
            -84.83029961585999,
            47.9393919557333,
            198.1689453125
          ],
          [
            -84.83029643073678,
            47.93941349722445,
            197.688232421875
          ],
          [
            -84.83022652566433,
            47.93941743671894,
            198.1689453125
          ],
          [
            -84.83027078211308,
            47.939360942691565,
            197.688232421875
          ],
          [
            -84.83043381012976,
            47.939295060932636,
            199.130126953125
          ],
          [
            -84.83090126886964,
            47.93894888833165,
            202.494873046875
          ],
          [
            -84.83100922778249,
            47.93886733241379,
            202.9754638671875
          ],
          [
            -84.83155639842153,
            47.93834446929395,
            205.8594970703125
          ],
          [
            -84.83185596764088,
            47.93805453926325,
            209.704833984375
          ],
          [
            -84.83198412694037,
            47.93796703219414,
            211.146728515625
          ],
          [
            -84.83282189816236,
            47.937439726665616,
            212.588623046875
          ],
          [
            -84.83297067694366,
            47.93734953738749,
            213.0693359375
          ],
          [
            -84.83329757116735,
            47.93722489848733,
            212.588623046875
          ],
          [
            -84.83438512310386,
            47.9370001796633,
            208.2628173828125
          ],
          [
            -84.83499641530216,
            47.93693354353309,
            205.3787841796875
          ],
          [
            -84.83559479936957,
            47.93696296401322,
            203.4561767578125
          ],
          [
            -84.83729523606598,
            47.93691845610738,
            206.340087890625
          ],
          [
            -84.83920614235103,
            47.9368273448199,
            208.743408203125
          ],
          [
            -84.83997048810124,
            47.93679088354111,
            212.588623046875
          ],
          [
            -84.84054381027818,
            47.93676355853677,
            216.4339599609375
          ],
          [
            -84.84092594124377,
            47.936745285987854,
            220.7598876953125
          ],
          [
            -84.84130815602839,
            47.93672709725797,
            223.643798828125
          ]
        ]
      },
      "properties": {
        "feature_type": "track",
        "name": "Silver Falls",
        "desc": "",
        "segment": 0,
        "point_count": 73
      }
    }
  ]
}